-- phpMyAdmin SQL Dump
-- version 4.9.0.1
-- https://www.phpmyadmin.net/
--
-- Host: 127.0.0.1:3306
-- Generation Time: Jan 10, 2025 at 07:57 AM
-- Server version: 10.3.17-MariaDB
-- PHP Version: 7.3.9

SET SQL_MODE = "NO_AUTO_VALUE_ON_ZERO";
SET AUTOCOMMIT = 0;
START TRANSACTION;
SET time_zone = "+00:00";


/*!40101 SET @OLD_CHARACTER_SET_CLIENT=@@CHARACTER_SET_CLIENT */;
/*!40101 SET @OLD_CHARACTER_SET_RESULTS=@@CHARACTER_SET_RESULTS */;
/*!40101 SET @OLD_COLLATION_CONNECTION=@@COLLATION_CONNECTION */;
/*!40101 SET NAMES utf8mb4 */;

--
-- Database: `etsdb`
--

-- --------------------------------------------------------

--
-- Table structure for table `divisions`
--

CREATE TABLE `divisions` (
  `division_id` int(11) NOT NULL,
  `division_name` varchar(255) NOT NULL
) ENGINE=InnoDB DEFAULT CHARSET=utf8;

--
-- Dumping data for table `divisions`
--

INSERT INTO `divisions` (`division_id`, `division_name`) VALUES
(0, 'None'),
(1, 'IT Repair & Maintenance'),
(2, 'System Development'),
(3, 'Creative Works');

-- --------------------------------------------------------

--
-- Table structure for table `itrm_services`
--

CREATE TABLE `itrm_services` (
  `id` int(11) NOT NULL,
  `service_type` varchar(50) NOT NULL
) ENGINE=InnoDB DEFAULT CHARSET=utf8;

--
-- Dumping data for table `itrm_services`
--

INSERT INTO `itrm_services` (`id`, `service_type`) VALUES
(1, 'Basic Troubleshooting'),
(2, 'Installation of OS'),
(3, 'Installation of Applications'),
(4, 'Data Backup'),
(5, 'Data Retrieval'),
(6, 'Printer'),
(7, 'Hardware Repair'),
(8, 'Network Repair'),
(9, 'Network'),
(10, 'Virus'),
(11, 'Inspection'),
(12, 'Registration to Biometrics');

-- --------------------------------------------------------

--
-- Table structure for table `itrm_service_levels`
--

CREATE TABLE `itrm_service_levels` (
  `id` int(11) NOT NULL,
  `service_level` varchar(50) NOT NULL
) ENGINE=InnoDB DEFAULT CHARSET=utf8;

--
-- Dumping data for table `itrm_service_levels`
--

INSERT INTO `itrm_service_levels` (`id`, `service_level`) VALUES
(1, 'LC (Low Complexity)'),
(2, 'HC (High Complexity)'),
(3, 'Wired'),
(4, 'Wireless'),
(5, 'Cabling'),
(6, 'Simple'),
(7, 'Moderate'),
(8, 'Complex'),
(9, 'Delivery'),
(10, 'Disposal');

-- --------------------------------------------------------

--
-- Table structure for table `itrm_service_report`
--

CREATE TABLE `itrm_service_report` (
  `id` int(11) NOT NULL,
  `control_no` varchar(255) DEFAULT NULL,
  `date_of_request` timestamp NOT NULL DEFAULT current_timestamp(),
  `name` varchar(255) DEFAULT NULL,
  `dept_head` varchar(255) DEFAULT NULL,
  `contact_no` varchar(255) DEFAULT NULL,
  `office_id` int(11) DEFAULT NULL,
  `issue_request` text DEFAULT NULL,
  `personnel_id` int(11) DEFAULT NULL,
  `division_id` int(11) NOT NULL,
  `approval_status` tinyint(1) DEFAULT 0 COMMENT '0 = unapproved, 1 = approved',
  `accept` tinyint(1) DEFAULT 0,
  `property_no` varchar(255) DEFAULT NULL,
  `services` varchar(255) DEFAULT NULL,
  `service_level_id` varchar(255) DEFAULT NULL,
  `action_taken` text DEFAULT NULL,
  `remarks` text DEFAULT NULL,
  `date_started` date DEFAULT NULL,
  `datetime_accomplished` datetime DEFAULT NULL,
  `date_released` date DEFAULT NULL,
  `released` tinyint(1) DEFAULT NULL,
  `released_to` varchar(255) DEFAULT NULL,
  `signature` text DEFAULT NULL,
  `request_status` varchar(50) NOT NULL DEFAULT 'Pending',
  `task_duration` varchar(50) DEFAULT NULL,
  `approval_datetime` datetime DEFAULT NULL
) ENGINE=InnoDB DEFAULT CHARSET=utf8;

--
-- Dumping data for table `itrm_service_report`
--

INSERT INTO `itrm_service_report` (`id`, `control_no`, `date_of_request`, `name`, `dept_head`, `contact_no`, `office_id`, `issue_request`, `personnel_id`, `division_id`, `approval_status`, `accept`, `property_no`, `services`, `service_level_id`, `action_taken`, `remarks`, `date_started`, `datetime_accomplished`, `date_released`, `released`, `released_to`, `signature`, `request_status`, `task_duration`, `approval_datetime`) VALUES
(1, 'ITRM-2024-0006', '2024-11-22 01:26:10', 'Dale John', 'Neil', '09197826472', 8, 'Blue screen computer', 789, 1, 1, 1, '008', '[2]', '{}', 'Tested several pc parts all seems normal, so I decided to reinstall a new operating system but before I do so I asked the owner to create a backup to all of his data.', 'Installed new Operating system windows 11', '2024-12-19', '2024-12-19 00:00:00', '2024-12-19', 1, 'Dale John Aquitana', 'data:image/png;base64,iVBORw0KGgoAAAANSUhEUgAAAZAAAADICAYAAADGFbfiAAAAAXNSR0IArs4c6QAAE7ZJREFUeF7tncvTPscUx0+Sn1wlhUgiCxJV/gJU2bBjQbEQC6qsWZMsWbJMWLOmWJAFxYIdK4X/QEmUSkmCSJGbJHhPeTrp32SeZ3p6+nJO9+fd5PL05ZzPOTPf6cv03CD8QQACEIAABDII3JBRhyoQgAAEIAABQUBIAghAAAIQyCKAgGRhoxIEIAABCCAg5AAEIAABCGQRQECysFEJAhCAAAQQEHIAAhCAAASyCCAgWdioBAEIQAACCAg5AAEIQAACWQQQkCxsVIIABCAAAQSEHIAABCAAgSwCCEgWNipBAAIQgAACQg5AAAIQgEAWAQQkCxuVIAABCEAAASEHIAABCEAgiwACkoWNShCAAAQggICQAxCAAAQgkEUAAcnCRiUIQAACEEBAyAEIQAACEMgigIBkYaMSBCAAAQggIOQABCAAAQhkEUBAsrBRCQIQgAAEEBByAAIQgAAEsgggIFnYqAQBCEAAAggIOQABCEAAAlkEEJAsbFSCAAQgAAEEhByAAAQgAIEsAghIFjYqVSDwHxGJ8/G/InJjhX5oEgIQKEQAASkEkmayCfxFRO47UxsRycZKRQjUJ4CA1GdMD+sEXhSRW6NRx9Mi8p6oaBiRkKNkEASMEuDiNBqYQc1aioa6eWmUob8xChk0GXDLPwEExH8MPXiwtr7xsojcvmG8iof+kaceooyN0xHgwpwu5E0djoVDxSBFNGIDEZCm4aIzCOwjgIDs40XpNAJL4cjdTYWApPGmFAS6EEBAumAfttNSwhEAISDDpgqOjUAAARkhiv19KC0cCEj/mGIBBDYJICCbiChwgcCzIvLu0+81dksxAiH9IGCYAAJiODjGTYtHHX8VkXsW9urvuWsfjECMBx/zIKAEEBDyYC+BlFFHqZFDqXb2+kh5CEAggQACkgCJIm8QiEcdfxKRB86wCTf+o9NavEhI8kHAMAEExHBwDJmWMuqIzQ0CcnSUi4AYSgJMgcCSAAJCTmwRSB11nBOQI6MQrav937RlJL9DAALtCSAg7Zl76jF3KiqupzmWm2faziunQxc9ccNWCExBIPfCngLOxE6+Fj31/1tEbtnJIl78zp2G0mNPtF9ydCd8ikOgFQEuzlak/fQTpqyOTj2F9Y/cY9lfP20DJkf95A6WTkaAi3OygF9w9ysi8q3T70fXHeIRyHMi8o6MkUSu8BBRCECgEQEEpBFo492Ep30186tXN/xvH7R3+f6G/vc/ROSdO9pFQHbAoigEehBAQHpQt9VniSmrpUdrArJ3Six37cQWXayBwMAEEJCBg7vhmu5uuvlURkcg1wqiWApIEKlnLnz/PO5ev1x4m4i8lPDRqYJm05QRAiWOwTHiythmICBjx/ecd/G7HTVyYO0Ikj1TUnvKzhnBMb2udarzmLQMeFXj5mHALUxYIfDqYpSxd0ppD9Rz00+pZ1sxfbWHtv+ya588PnoQp38qDjxAQBwE6aCJy4vz6A6rFHNUAPRdkretFN4SB6avUgiPUYYRh/M4IiDOA3jG/H+KyB3R1lm9ab8gInc2cDeMdM7l1tMicq+InBsBMX3VIEidu0A4OgegVPcISCmSNtqJt+OqRTWnqbbWVy7l1iWR2Bqh2CCNFbkEauz6y7WFegcJICAHARqpvpymOjd91MLcVAHQcn8Xkbsjo5i+ahGhfn0gHv3YV+kZAamCtWmj1i5KFYaUbcFHd2o1hUxnhwlYy9PDDtEAB9V5z4FwUbZYGE9hFQ5hTHkw+ZuIvGtxxEnq6CXFFsrYIYB42IlFUUtSLvSiHdJYMQLhCb7ndNXSmb0L4EvB4PsfxdLDREPxmlyP9TgTEEY2AgHxF93viMiXTmZ/V0S+bMiF1Pc8gslLweH7H4aCecCUcBS/NoFwHABpvSoCYj1C19sXvwxoMXZ7BSTcYPSf+rSqXx606JevLOlrbbyhg4+B9Y1F9d65WKsjLtZBmA6w/ESXIyC/EpGPnp5Uj3y9sBhoGsoiEAuHlTW5LEeolE4AAUln1bOkl0XIHAFRrrXP5uoZu9H71i9WhhMHLD/cjB6HLv4hIF2w7+rUi3iE6ajcmwg7sHalhYnCCL+JMPQzAgHpxz6lZ2vbdLdsPiICYfTyaxH52FZH/N6VQLy7iumqrqHo2zkC0pf/pd7DDTXlpTwrXqjNeg7XXTsNinftaFXycifAhsVDXuaONBuaSle1CXCh1iac1364SPUAxLfnNdG81vMn4cjJqfBEq3WPjGKaOz1Rh/F0le4GDB8jmwgBri4J5FzsUKxH4F+nU3Q9PoXvfYkwphjXPdJOvcjM23I4XUAJMOqYNw9WPUdA7CREfKF6jMuRG3886nhCRB5gGstEYnrawGEC2GxGeLxRjRgjD+94bHHPnXpaOz9L23pSRB7c6pTfqxCIp6s8rcFVgUGj5wkgIP2zY5SnvNxzrNbeHckVo/7R9G0B01W+49fcegSkOfK3dDjCzfLhq68dPnq1A+uRq4X0x3YiVf+XT7lHpsN2dk/xE4FRHmQIaEMCCEhD2Ctd5b653dfqt/Ye76LaY9s5oWAdZA/F/LK/FZEPRutNTFfls5yyJgLSL+zhpjvClsjcEcOl0RfrIPVyc/kFS3ZX1WM9dMsISL/wjjB1FejljKS2Pj41Ep9+WfZmz/Hb4/p/w9RhOMfKgo3Y4IwAAtInYLlP7H2s3e41R0C26gRGD4nI49smUGKFgI5ul0fkc/QIqVKMAAJSDGVyQ+H00pEu5C0xWIOztni+LJfTbnIgBi7IFNXAwbXkGgLSPhoj3hT3+pQ6AvusiPx4ZZdW+6j56DEWDo3J70Xkwz5Mx0qPBBCQtlFLvXG2tep4b3sFZM/6RlgrYSrrfJyWwnHj8ZDSAgS2CSAg24xKlQifox1xx8seQVCeWn7P7rO9AlUqZtbbQTisR2hw+xCQdgEe+SaYsp4RSOeMwpjKuj5PEY521y09XSCAgLRJj5ybZhvLjveytR132cPe0Uqoz1TW9Z/+HXEkezwbaaEpAQSkPu4gHnoDHHHP/V5xzD0zK0x96T9ny1tGHPWvU3rIIDDbhZiB6HCV3Cfuwx03amCPf7lHngRXwlTWDE/fYc0s+D6Dz41Slm5KEUBASpE8386RJ+761h3vYY+A7B2trFlXoo3jXtdrYfkOx0jvC9WjRstdCCAgdbH/7nRYne7H/1Ddrrq1rgLykojcnmDBHrG51NxoGxL0O/J3RFNz6p9+zvjOBKYUgUA3AghIXfRHp2zqWne8db3JqXCk5FF4Az+l7JZlPxIRfS/kWRG5d6uw4d/XzqfiHQ7DAcO06wmUuJhhep7ALNMtKXlUmkXp9lrm8XKaatQNFi2Z0lcHAikXfgezhulytKmWZWD23MRLTV/FNtRos2bysZuqJl3abk4AAamLfHQBSb2B731XJDUqz4jIPafzsj6XWqlxOV0fumWxvsE0VeMg0F0dAghIHa6hVQTk/yT2jFT2RsQq4/j74oGBHq3OHwSGIYCA1A2l1ZtbKa/Vv5dF5LaNBmtvZU4dCZXy+1I7y4VxPhPbgjp9dCGAgNTFXvPJu67l262/eBKOrRxqwaBFH1tElusbryQI61ab/A4B0wS2Ln7TxjswLtxkU9+TcODSGyam3rRbjQ5a9RPHSLcmX2N9w1PaYmtJAghISZrrbfW4sdX3Km1dQ6e3dAFZn8ZvrWzUkyLyvqvzxr4pIl+v2JdOSel1E187HDNSEThN2yWAgNSPTeqTen1LyvaQsr7T2vcUm3IoLN/b0DYQjRyS1BmKAAJSP5y1trDWt/xyDyk369ajr29cfajqayLyZxF57wFA50YZ6g87qQ6ApepYBBCQNvHUG89ou3G2BKTXMS45o541wQijDH0AuLlNmtALBHwRQEDaxKv1k3gLr7YEpKfPl/rWjQ26HrOW+0HoR/xuS4ucoI/JCCAgbQI+4hEWKQLSa9QVj0L0uxo67XROMHShP+Uk4TaZQi8QcEQAAWkbrJGE5NJTfs40UqlI6JSTHhWyzO1gL2sYpUjTzvQEEJA+KTCCkFwSkJbTV5cEQ/Nbt/Tq1l7+IACBwgQQkMJAdzbnWUgubQyoKSCXBEN56ot94W9rmm1nuCgOAQjEBBAQG/ngTUg+LyI/EJEviMgPVxCWFJA9grE0Rbf06tbeP4jIB2yEGisgMA4BBMRWLL0Iyda7LbnblsPRIBqVtTWM5QgjJXo912NS7KMMBNwSQEBshm4pJNZeYNu6Kau9l87/uiQU8fRTjmCsRbTkiMhmxmAVBDoQQEA6QN/R5doRGlpdb4i6PVXPmerxd0lAwgGSS9vP5VpYp6j5wl6w5aci8pkewOgTAiMSQED8RFUPJNQX3LzGrIVQXIpmrzfj/WQYlkJgJwGvN6Odbg5b/NwRHGGUcu7lOf3/8Q4l/ffUXAhlQ/3Ql/53eClveVqtlQCwK8tKJLBjCAKpN40hnMWJIgS2nuS31keKGHGgERURtZEXCg9ApCoElAACQh7sJbD1FG9dQH4iIp8e8HDLvXGkPAQOE0BADiOcroGtJ3gPO56si9x0SYXDPgkgID7j1stq3fkVf8J1acfW9FYvu9f6VaH7uYh8ypJR2AIBTwQQEE/R6m/r1pP71vRWfw/etEB90T89eJE/CEAggwACkgFt4iqXpqeeFpF7rw4v1Pc5PHxP42ci8knWASfOZlw/TAABOYxwqgYuHVGyNTqxCGprPceizdgEATMEEBAzoTBvSMr5V3pD9jQlpC9n6udqnxCR95uPAAZCwBgBBMRYQAybc2mE4XH0EVD/UUQeREQMZx6mmSWAgJgNjTnDrHxAqgaYICJ6yGOv88Vq+EWbEKhKAAGpineoxs8JSNja+4yI3OfY460tyo5dw3QI1CGAgNThOmKr4QRgXTOI/zxt3d2Ky9Yx9Fv1+R0CUxFAQKYKd7azOrVz7iTgkXYyvSAitznbCJAdVCpC4CgBBOQowTnqn1sk97x4fi5y6tNzInL3HKHFSwjkE0BA8tnNVPOcUHg492pvnJ4SkftF5Psi8sW9lSkPgZkIICAzRTvf1zWhGHH0EQh9D/HITxZqzkMAAZkn1rmezjT6yGVEPQhMSQABmTLsu5yebfSxCw6FITAzAQRk5uhv+87oY5sRJSAwLQEEZNrQJznO6CMJE4UgMCcBBGTOuKd4zegjhRJlIDAxAQRk4uBvuM7og9yAAAQuEkBASJBzBNbeMB/xvQ8yAAIQyCSAgGSCG7zaoyLysIg8JiKPnHwd+b2PwcOJexCoQwABqcPVe6uvn86DivOD0Yf3qGI/BAoTQEAKAx2kueVog9HHIIHFDQiUJICAlKQ5Rlu/EJGPi0j8eVpGH2PEFi8gUJQAAlIU5xCNLb/vwehjiLDiBATKE0BAyjP13GIQi8dF5KGTI4w+PEcU2yFQkQACUhGus6bXpq4YfTgLIuZCoCUBBKQlbdt9rX2altGH7ZhhHQS6EkBAuuI303kYafxSRD5xsorRh5nwYAgEbBJAQGzGpbVVy9HHayJyk4jo+yDXWhtDfxCAgA8CCIiPONW2cikgTF3VJk77EBiAAAIyQBALuBALCFNXBYDSBARmIICAzBDlbR9jAWH0sc2LEhCAgIggIKSBEggCov/UnCAvyAsIQGCTADeKTURTFAijDs2H+AiTKZzHSQhAII8AApLHbaRaYc2D0cdIUcUXCDQggIA0gGy4i3i7rm7bZfRhOFiYBgFrBBAQaxFpa0+YutJeWftoy57eIOCeAALiPoTZDoSpK31ZkNFHNkYqQmBeAgjIvLFn4Xze2OM5BIoQQECKYHTXyFMicn9kNXngLoQYDIH+BLhx9I9BDwvC9FVY++hhA31CAALOCSAgzgOYaX54cZDDEjMBUg0CEOCN4xlz4NXTCbts2Z0x+vgMgYIEGIEUhOmkqbUPRzkxHTMhAAFLBBAQS9Gob0t85tWN9bujBwhAYGQCCMjI0b3eNxbO54k1nkKgCQEEpAlmE50w+jARBoyAwDgEEJBxYnnJk+dF5K5TAWI+R8zxEgLVCXAzqY7YRAfxibusfZgICUZAwD8BBMR/DC95EK97aDniPXa88Q4CTQlwQ2mKu3lnYd1DO+a9j+b46RACYxNAQMaObywgxHrsWOMdBJoT4KbSHHmzDuPpq9+IyEea9UxHEIDAFAQQkHHDzLbdcWOLZxAwQQABMREGjIAABCDgjwAC4i9mWAwBCEDABAEExEQYMAICEICAPwIIiL+YYTEEIAABEwQQEBNhwAgIQAAC/gggIP5ihsUQgAAETBBAQEyEASMgAAEI+COAgPiLGRZDAAIQMEEAATERBoyAAAQg4I8AAuIvZlgMAQhAwAQBBMREGDACAhCAgD8CCIi/mGExBCAAARMEEBATYcAICEAAAv4IICD+YobFEIAABEwQQEBMhAEjIAABCPgjgID4ixkWQwACEDBBAAExEQaMgAAEIOCPAALiL2ZYDAEIQMAEAQTERBgwAgIQgIA/AgiIv5hhMQQgAAETBBAQE2HACAhAAAL+CCAg/mKGxRCAAARMEEBATIQBIyAAAQj4I4CA+IsZFkMAAhAwQQABMREGjIAABCDgjwAC4i9mWAwBCEDABAEExEQYMAICEICAPwIIiL+YYTEEIAABEwQQEBNhwAgIQAAC/gggIP5ihsUQgAAETBBAQEyEASMgAAEI+COAgPiLGRZDAAIQMEEAATERBoyAAAQg4I8AAuIvZlgMAQhAwASB/wF+P/TniFd8egAAAABJRU5ErkJggg==', 'Released', '0:0:15', '2024-12-19 02:37:47'),
(2, 'ITRM-2024-0011', '2024-11-22 01:27:56', 'Louie Umali', 'Neil', '09197826472', 8, 'Printer paper jam please help I don&#39;t know how to operate this thing', 789, 1, 1, 1, '', '[6]', '{\"6\":\"Moderate\"}', 'Removed the printer cover and checked if the printer has other problems, then let it roll back so that the paper can get out. ', 'Removed the jammed paper out of the printer.', '2024-12-23', '2024-12-23 11:02:00', '2024-12-23', 1, 'Louie Umali', 'data:image/png;base64,iVBORw0KGgoAAAANSUhEUgAAAZAAAADICAYAAADGFbfiAAAAAXNSR0IArs4c6QAAEiNJREFUeF7t3UvPNskcx/HfnDAj8YwgDithFuKwFht2NoOV0xgJEW/AK8ArsLQRITHjmEjEbOzYiLWMWAxLJIh5BINxumume9TTT19XV1VX/bvq3997Mw93dx0+VVf97j5e94gfBBBAAAEECgTuKdiHXRBAAAEEEBABwiRAAAEEECgSIECK2NgJAQQQQIAAYQ4ggAACCBQJECBFbOyEAAIIIECAMAcQQAABBIoECJAiNnZCAAEEECBAmAMIIIAAAkUCBEgRGzshgAACCBAgzAEEEEAAgSIBAqSIjZ0QQAABBAgQ5gACCCCAQJEAAVLExk4IIIAAAgQIcwABBBBAoEiAACliYycEEEAAAQKEOYAAAgggUCRAgBSxsRMCCCCAAAHCHEAAAQQQKBIgQIrY2AkBBBBAgABhDiCAAAIIFAkQIEVs7IQAAgggQIAwBxBAAAEEigQIkCI2dkIAAQQQIECYAwgggAACRQIESBEbOyGAAAIIECDMAQQQQACBIgECpIiNnRBAAAEECBDmAAIIIIBAkQABUsTGTggggAACBAhzAAEEEECgSIAAKWJjJwQQQAABAoQ5gAACCCBQJECAFLGxEwIIIIAAAcIcQAABBBAoEiBAitjYCQEEEECAAGEOIIAAAggUCRAgRWzshAACCCBQK0D+K6lWWYwKAggggMAAArUW/RAg4adWeQPQ0UQEEEDg3AK1Fvz/TOERguTec5PSewQQQOAcArUCJGgRIueYM/QSAQQQaHLKaQ6RUDhHI0wyBBBAwLFAzSOQmGkOktuSHnbsR9cQQACB0wq0CpD5CCT8t2Udpx04Oo4AAggcLdBycX9W0i1OZR09xNSPAAIItBFoGSChxVxY//+4catzmzlMqQggcJBA6wAhRF68mWD5Y+F+0JSiWgQQOIuA1UI2H4n8S9IDZ8GdTt/N3Q3W3KV2osGnqwh4F7AKkPhIxLLOI8cvPvKI+0yIHDkq1I0AAtUErBfzs1wHuBQe8cDNQWI9BtUmDwUhgMC5BawXr+cl3X+CO7NSgvJvkh6U9Jykh849Dek9AgiMKGAdIPGpLM8PGYYASXkSP3W7EecWbUYAAecCRwRIIE35C31U+pxTU9zmPOoo024EEDjsKXGvDxmWBEJO4DBlEUAAgW4EjjoCiU9lhX//e7o20g1MQUP2hCKnsgrA2QUBBI4VODJA5p6X/NV+rNp67XtOy+3Zt0cL2oQAAicQ6CFAAnN4wPC+yTvl4nNvQ7P37cMESG8jSnsQQGBToJcAWR6NjPbE+t4A4DrI5lRlAwQQ6E2gtwCJr4302LZL47c3QOYjsJH63Ntcpj0IIGAs0OuCtXdBNmasclty6LP1zQSjOVuPK/UhgMAVgV4DZLQn1mssxNZ3Yi3fEtzrXOADjEAPAo9KeqqHhvTUhp4XjZHuzqqx+FtfB4lDr0YA9jSvaQsCNQVCePxQ0gcIkTtZew6Q0NL5SCT8u9cL6zUX/hpBlPrBIUBSpdjuzAKEx4CnsJZNnhe7Hm/xrfnXe82ytj70BMiWEL8/uwDhsTEDej8CiZvf6ymtmot+zbK2PvwEyJYQvz+zwBOSHpP0QU5bXZ4GIwVI6EWPIVJz0a9ZVsqHnwvpKUpsczaBL9y88PXzkp6U9PjZOp/T39ECpLcQ2fP+q7VxIkByZi/bIlBfYA6PL94UHf7Nj4NrIMsuxF8La/3sRNyW2gt+7fK2Jn/sGLYd8Q+KrT7yewRSBQiPVKlpu9EXjCNPae19/1UPRyChDfFprNHnQ+b0Z3MEXhIgPAomg4cF46gXMbY4WrC8jXeeLgRIwQeHXVwJEB6Fw+khQOauW5/Wqh0gR31HehwgPd4mXTi12Q2BJIGnJb395vQt1zySuO7cyFOALIOk9WJY+2ih5gOJOVMhPg0Y5oPHOZHjwbbnEHi9pF9IevX033eeo9t1e+l1sWh9WqvFYl/7iCZnpsxh2GOAHOmSY8i24wh8R9KHJf1J0tsk/X6cpvfVUq8B0vpopMWi1qLM1NkWn8Y68q62tfYe6ZLqx3ZjCMRHHd+7OfL46BjN7reV3gMkyLd4n1aLRa1Fmakzr9frIPF1rTPM1dTxYrs8gU9K+rKkV3LUkQe3tfWZPpTzIlnj2kiLxb5FmVvjP/++1yfSuUMsdQTZbinwXUnvl/Sq6RfhyPqXkrjWUXGunClAAlv8F+1tSQ8XWrZY7FuUmdq9Hh8o7LFNqZ5sd4zAHyXdknTfVP2fJf1I0keOaY7/Ws8WIGFE59ePhH+XHo3UXuyPfCBy7Sikh3kRX9gPbeyhTf5XhDF7+Iykt05N/4ekz0r6xphdGavVZ/5Q7nlupHaA1C6vZBb2dL0hfibmwakzZ56rJeN5hn3i4PjVTWg8coZO99RHPpRlb/itveDXLq90jvXSjvg26V7aVGrKfvUFCI76pkUlEiAvsuU+N1J7UatdXtFkiN6LdfS8iB/S7MWm1JT96gnEd1RyxFHPtbikoxeK4oY32jH1InvNRa2nU0c171TbM0ShHcElXAytab2nTex7jMC3pof+5gvjf5c0n9Y8pkXU+pIAAXL3ZFheZA8T9qHFZnsXteUdRqH4Hsaih9tmfyzpvZJ+Iul9BMhpV6vwdPhrp96HW3DDg38fP61Gpx3vYdHqlOaOW35DG+e/iu/fuagt3z1VeidYC7ceAiQsFvdGgbo3rFs4UWYbgeXRxh8kva5NVZRaQ4AA2VYMdwS9ovIRQk+hEQvEAXKtjWtHULWOopbvGSNAtufoyFt8SNL3pz8aQj842hhoNAmQ/MGKL7jPRyapjr0Gx6yQ8kT6pfCYy0i1WJOfL5LGTgRI/hztfY8QGt9cnBoOY/+y3htO++4U2PNhP7Ol10Ut5envS32vYbJWRo1yzzxXe+l7CI0np/dRzW36q6RPSPpBL42kHXkCBEie1/IvdW9+8wN8144m4lts105/lZpcekU+AVI2R3vYay00whx7jNDoYXj2t6H0w76/5rFL8LyoXbuQfu17UPaYzOWG04MPLKbGnnLHnmVjtf5zkj4j6c3TUUa8thAaY41lcmsJkGSqOzZs8YVSZS2pv9e1ALm2mO95n9elo5rQOwKk/hiXlBgC4tOS3jJduwh3yl37+ef0EkNOT5VoD7IPAVI2UEd9f3lZa/P2uvZg49ZivvX7tZZshXFJmXk9PvfW4Zv5wpHDOyS9RtLLpwc4t9aGMG7hc/Drm6OOr928BfdL52Y8Z++3Jsk5VdJ6fe2v5rQS+twqvg4Sz4/5Actrd5KVLPZbjiVl9ilr06rHp7fRhq9qDV9XEO5sCuOY+1knIGzGa+hacifV0J2t3Pitv5wrV2da3Lxo595Om7vYpxheO6VmimJc2aOSPiXpXZLeMJ02Cq/zmE8d5X52g2N4xiK87jx8b8bTkr46PeFt3DWq8yKQOwm99LtGP3o8jbX1jEbc79zFfo/Z8vmSUFbK3Fu2MfzvsN/832ttirex7Osep5x95yO3cK0hHB2Gb9v7iqQncgphWwT2CKR8iPeU733frdMvLfu/tiiX1ndtQV7+7tK2uf//3NbS/Ur7uqw3JYxSg2qrT2sBHkI/HBmEP0h+J+nnkr4u6am9HWR/BFoLECD7hOe/+Pd8PW5JC+LwiP8q37ozJrWuS+G0NV9y/tLPCd+cclP7yHYIILBTYGtB2Fn8KXY/YnFbW+DD//czSe+poN46QMJ5+HBxN5x+CXf9bP0cYbzVJn6PwOkFCJD9UyDl7qT9tdxdwtpRSEo9837PLV4rEe+7di0l7Ld1hJO60KdcPF873cN8TRlhtkHASIAPZB3o1IWzTm2XS/mppHdfuUC993z/suZr/Z5/F8Ii3Fr67Wjn8Lv5C6NSTHrxTWkr2yBwGgECpM5Qj7rA/SV6I+rRcyEYhofSHlkZklF968wuSkGgU4GjF41OWbKb5XGBu/RA4TWcSw4fm24vjb8oKhs58dbfknLZBwEECgQIkAK0lV1yz+nXqbVtKfF1kJTrH6E1W0E6f5fKpXn3zPSupUu/T21HWxlKRwCBFwQIkHoTIee21Hq1titpeSdWylzZCpCt31/qTUmYtZOhZAQQIEAqzwFvRyGtAiQ8NBe+Vz73J25PSpjlls/2CCCQKcAHMRNsY3MvRyHLr+1NPVq9doRRI2Br30VWd/QpDYGTCRAgdQe8xiJZt0Vlpa09B5IyV7Zu6+UaRtl4sBcCXQqkLApdNrzjRnk4Cll7Ej1lrmwFSOnpq46Hm6YhcF6BlEXhvDplPfdwFFI7QLbuviqTZi8EEDhUgABpwz/6UUjtAPEQqm1mCqUiMLAAAdJm8EZfMOcAjOdHyly5dApr9EBtM0soFYHBBVIWhcG7eEjzw7n+vU9dH9Lw6R1VYV7MX9w0tyNlrqwFyOhhetQ4UC8C3QukLArdd6LDBv5G0hsl/VbSmzps37UmxSGQ++zFWoBw9DHYBKC5CKQKECCpUvnbhYUz542z+TW02WMtQFJvv90TPm16Q6kIINBMgABpRvvCe6FSF952rcgveS0EcubJ8gL8iAb5auyBwAkFchaGE/Ls6vKo5/7nAIif+s6dJzwxvmvqsDMCYwjkLgxj9KqPVo767ANHEH3MH1qBQPcCBEjbIQqL8WhPXy8DhDnSdo5QOgLDCrA4tB26Ea+DECBt5wSlI+BGgABpO5QjXgchQNrOCUpHwI0AAdJ+KEc7CiFA2s8JakDAhQAB0n4Y54vpo1wLiQOEW3Dbzw9qQGBYAQLEZuhGOZX1rKRbEQnzw2Z+UAsCQwqwQNgN2winsjh9ZTcfqAmB4QUIELsh7P0opPRbCO0EqQkBBLoSIEBsh6PX50Lm8Fg+Qc78sJ0f1IbAUAIsELbDtfa2WtsW3F1bHB7hFfThh1eRHD0q1I/AAAIEiO0g9fZ6k7XwsBWhNgQQGFaAALEful4uphMe9mNPjQi4EiBA7Iezh4W7hzbYy1MjAghUFSBAqnImFzYv4LclPZy8V50Nn5d0/6DfVVJHgFIQQKCKAAFShbGokKMuqB9VbxESOyGAQL8CBMhxYzM/9W35upDen0U5bjSoGQEEsgUIkGyyqjtYXouY6wp3gj1QtRcUhgACpxQgQI4fdosQsajjeElagAACpgIEiCn3xcpanloiPPoYY1qBgDsBAqSfIW3xfAjh0c/40hIE3AkQIP0Mac3FPn4xouVF+n40aQkCCDQXIECaE2dVsHfhX75Rl/DI4mdjBBDIESBAcrRsti0NgZpHMDY9pRYEEBhagADpe/jWvqPjWos54uh7PGkdAq4ECJAxhjMlSAiPMcaSViLgRoAAcTOUdAQBBBCwFSBAbL2pDQEEEHAjQIC4GUo6ggACCNgKECC23tSGAAIIuBEgQNwMJR1BAAEEbAUIEFtvakMAAQTcCBAgboaSjiCAAAK2AgSIrTe1IYAAAm4ECBA3Q0lHEEAAAVsBAsTWm9oQQAABNwIEiJuhpCMIIICArQABYutNbQgggIAbAQLEzVDSEQQQQMBWgACx9aY2BBBAwI0AAeJmKOkIAgggYCtAgNh6UxsCCCDgRoAAcTOUdAQBBBCwFSBAbL2pDQEEEHAjQIC4GUo6ggACCNgKECC23tSGAAIIuBEgQNwMJR1BAAEEbAUIEFtvakMAAQTcCBAgboaSjiCAAAK2AgSIrTe1IYAAAm4ECBA3Q0lHEEAAAVsBAsTWm9oQQAABNwIEiJuhpCMIIICArQABYutNbQgggIAbAQLEzVDSEQQQQMBWgACx9aY2BBBAwI0AAeJmKOkIAgggYCtAgNh6UxsCCCDgRoAAcTOUdAQBBBCwFSBAbL2pDQEEEHAjQIC4GUo6ggACCNgKECC23tSGAAIIuBEgQNwMJR1BAAEEbAUIEFtvakMAAQTcCBAgboaSjiCAAAK2AgSIrTe1IYAAAm4ECBA3Q0lHEEAAAVsBAsTWm9oQQAABNwIEiJuhpCMIIICArQABYutNbQgggIAbAQLEzVDSEQQQQMBWgACx9aY2BBBAwI0AAeJmKOkIAgggYCtAgNh6UxsCCCDgRoAAcTOUdAQBBBCwFSBAbL2pDQEEEHAjQIC4GUo6ggACCNgKECC23tSGAAIIuBEgQNwMJR1BAAEEbAUIEFtvakMAAQTcCBAgboaSjiCAAAK2AgSIrTe1IYAAAm4ECBA3Q0lHEEAAAVsBAsTWm9oQQAABNwL/A1doh+eMPMFEAAAAAElFTkSuQmCC', 'Released', NULL, NULL),
(3, 'ITRM-2024-0010', '2024-11-22 01:28:44', 'Cyrus Jake', 'Neil', '03294809232', 8, 'Magpapaformat po ako ng laptop I already have my backup so you can delete everything', 789, 1, 1, 1, '007', '[1]', '{}', 'asd', 'asd', '2024-12-11', '2024-12-11 00:00:00', NULL, NULL, NULL, 'data:image/png;base64,iVBORw0KGgoAAAANSUhEUgAAAZAAAADICAYAAADGFbfiAAAAAXNSR0IArs4c6QAAEepJREFUeF7tnUvsbtcYxp8eelOJa1zazknQGpAgxIgRFR0wMEJC4jKQGjDrrAYkEpeEBCMDBhXFhAFBkDDQImHuVpeUpFV3znL2cna/ft//W2vtd639vnv/TiKVc9bleX/vu9ez175914g/EIAABCAAgQYC1zT0oQsEIAABCEBAGAhFAAEIQAACTQQwkCZsdIIABCAAAQyEGoAABCAAgSYCGEgTNjpBAAIQgAAGQg1AAAIQgEATAQykCRudIAABCEAAA6EGIAABCECgiQAG0oSNThCAAAQggIFQAxCAAAQg0EQAA2nCRicIQAACEMBAqAEIQAACEGgigIE0YaMTBCAAAQhgINQABCAAAQg0EcBAmrDRCQIQgAAEMBBqAAIQgAAEmghgIE3Y6AQBCEAAAhgINQABCEAAAk0EMJAmbHSCAAQgAAEMhBqAAAQgAIEmAhhIEzY6QQACEIAABkINQAACEIBAEwEMpAkbnSAAAQhAAAOhBiAAAQhAoIkABtKEjU4QgAAEIICBUAMQgAAEINBEAANpwkYnCEAAAhDAQKgBCEAAAhBoIoCBNGGjEwQgAAEIYCDUAAQgAAEINBHAQJqw0QkCEIAABDAQagACEIAABJoIYCBN2OgEAQhAAAIYCDUAAQhAAAJNBDCQJmx0ggAEIAABDIQagAAEIACBJgIYSBM2OkEAAhCAAAZCDUAAAhCAQBMBDKQJG50gAAEIQAADoQYgAAEIQKCJAAbShI1OEIAABCCAgVADEIAABCDQRAADacJGJwhAAAIQwECoAQhAAAIQaCKAgTRhoxMEIAABCGAg1AAEIAABCDQRwECasNEJAhCAAAQwEGoAAhCAAASaCGAgTdjoBAEIQAACGAg14IHAvyVd8iAEDRCAQDkBDKScFS37EEjmkeuQeuzDmFEh0IUAB2wXrAxaSGBuHqkL9VgIjmYQ8ECAA9ZDFvap4eeSnifpP+xA9lkARB2fAAYSP4dRI0jGkXcd8/8fNR50Q2B3BDCQ3aXcRcD50tUvJD1/2oVwCctFahABgXICGEg5K1raEPinpCdMppGfvGIHYsOWUSAwlAAGMhQ3k03GkQxj/tguBkJpQCAgAQwkYNICSz5lFBhI4KQifb8EMJD95n505Pm+x7Gaw0BGZ4P5IGBAAAMxgMgQZwlk8/iXpCceaY2BnEVIAwj4I4CB+MvJ1hQdu2l+GCMGsrWsE88uCGAgu0jzqkEmczi8aY6BrJoSJoeADQEMxIYjoxwnULqzKG3ngXO+HHfOFD1oRQMEuhLAQLri3fXgF900j7gDuVfSGw+EYyK7LnGCx0CogR4Ezt00P2Ygnhfj+UcfvyTpTknsRHpUDmOGIoCBhEpXGLEl9z3mwaT2aUFOb6h7+/NlSXecuI9Ts8vyFhd6ILCYAAayGCEDHBCoXVT/Juk6x59yv+j+zI8l3X750tb9kl5MJUBgbwQwkL1lvH+8tbuJWsPpH8HVGbK2+yS94cTEtbutkfqZS/q8pFsmEN+a/ns3YGwIYCA2HBnlCoEWM/D6BNZXJL2u4BHklpipl74EfirpVkk3TrvbByWl35/55rTTxUCM+GMgRiAZRvlS1Km3zU8h8noGX2psXMbyVfzvkvQJSakOH5b0NUlv8SVxO2owkO3kcu1IShfcQ52p398lXb92ALP5867iq5JeX6DLqwkWSN9ck5S7VE83bC4yhwFhIA6TElBS/lxJrRGks8T0WXdvdVhrCFzG8lG0j04nIvOfCvChbKMqvB24G8W8+bBqF9wMxOPC26Kppc/mi2JwgP+YPtT5bkmfHDz3bqfDQHaberPAl+wiWo3HTPzBQA9JemrDOykYSK+MnB/3U5LeMTVLO+Frz3ehhRUBDMSK5H7HWWICS/r2IN56HydfwuN46pGV02OmS6bJMNLuI71LxJ/BBCj4wcA3Nt3SM++0YHs5+PNO6k+SnlaZp/TY6Asc3supDCNM85yrJPjTkt4ZRvnGhGIgG0vowHCWfgsqnz16qcGlu6HU/2eSXjgwB3ucKted10/f7ConXg7eXUHfQLBLzSMhWLp7scRooSUZSO07MJYxbH2seyR9YAryQ5I+uPWAI8SHgUTIki+NFubhyUDy5ZClXwNeuoPxlWVfath1+MrH/9VgID4Tkw4Yj8+yW5lHou5hwf2hpJcUfK6kpEo8xFOiM1qb/GDDUoOPFncIvRiIvzTNf3vCU34szcOLgbQ+dXWsajAQ22PpY5LeMw35UUnvsx2e0SwIeFqgLOKJPkZ6AugpsyC85MfaPLKBrPkElqV5eLokF/0YSPrzccCuw3k2vSxQzjENk5cXtTyhh/z0MI+1n8DKMf1E0m1G2bW4EW8kJfQw+Rj48/RSZ+hgti7ewwK1dcal8eUFKB04eReydn56mMfaZ+u9bsgueSO/tEa23G5+yerjkt675WC3EtvaC9RWOFrEMb+Gbn15pUVfL/NY00Csnrg6xtP7Lyu21MCoPj1rbVQMu5wHA/GR9r9MP36Tvib6pOmpoKRsrfzkxbDXNeg1DPIBSS8yeuLqWNW8UtJ3JL1K0nd9lJV7Fa+WlH8lsFetuYcQWeBaC1RkZj20H14/X2OBncfVe/7e4x/L0Yg50xy1n7TvUU8RxswnTUnrKyR9P4JoND6WAAbioyIOHwEdsdidinzEzeDR8Y2aL83DJzYuPqbmu4684/ZxFKKimgAGUo3MvMOxBXvUgncYTL5H0PuTHCPjy3x/dPnnTV9qnr3HDsi7IBcDnr/jxK6jczGOGB4DGUH54jmOLTojF9is7q2SPtvxHsHIS2R5rl5PXJ3KKAZynMxrLl+m+vr0T9zrWH/NMVOAgZihbBro1OWiNQxk5Jwj5ur5xNWal/+aCm3FTvmBjCQhXb769opamNqYAAZiDLRyuFNnrCMW2LnUbGRvk/S5yhhamveOL/+86eiz3Uemp+g4rqT5roMHC1qOkgB9KPT1knTRzereC+w86vxreiNv/vaMb+SluGPVw430q5/qZ9ex3voyZGYMZAjmx02SF+1TN6t7LrCHYta4bt8zvp5jl1TL2vOXaOzZpvc7RD21M3YlAQykEphR83OL9qhFaNQ8x0wr/Z11/a0Vzzy+PX/SJJsHl6yMFgrvw1gfwN7j9aCv5D2LEQth1rHGwd4jvtH3cS6qpRRfelHuJg8FN0gD5jEItKdpMJDx2Ti3+0iKeiyw80jXusmcNVjHl80jXRq8dnxKHzdjSY4dyDSTgHmYoYw1EAYyPl9pcTm30FkvsB7ue8w1WMY3+l2Pkoop2WWWjBOhDeYRIUudNGIgncCeGLb0+rjlAjvq/kMNSav41t5JnYr5ZdO3ndLiekMNmGBtMY9gCbOWi4FYE714vNKFs7Rdrfp8ZvwbSTfXdjZsbxWf50tFnrVZpBLzsKAYfAwMZGwCS98RsFpg59Hl3c/I9z1O0bWIz2KMntkv3W321NBr7DUfwOgVE+M2EMBAGqA1dsmXW0qYWy+Ov5b03EHfuSrBs/TsPC9g6RPg6aN8Xv+UnjB41X9MFz/+FClbnbWWLGadJexm+Jobq9YGYj3e0qQtMRBPO6lzHGpyfm4sD/+e6+hXkm71IAgN6xLAQMbxr1k0LRd8j4tY65n59yS93NFO6lz1/FXS9ZPmH5xr7Pjf0zfSPjPpe/v01WbHcpE2igAGMor0lXc70v8uFUxpZSDe3o/Ioaf4Wp5QsuJSkAKzJjV5N5vUcKBfSrplGo/1whDsFoaiIMZlMS0k6T7IdYOm9HqtOp+V19aex51USSqj6k6xea2hEu60GUCg9iAeIGmTU6TPhaQ3pEfxzmfqHp64Okxoy9NJXndSJcUa1UDyBz9Ld80lLGizMQKjFrSNYasOZ+Qiks1jjW9clYCpZbHGD0OVxFHaJi/EkY61c1+LLo2ddhsnEKmoI6eidtFsiXX+y2+e81rD4n5Jt1XcO2rh1rtP/mGl10r6Ru/JDMbHPAwg7mUIzwvNlnLQ+0ZqPktPzLzntOZGeE1bz/WS4jj12y+edGMenrIRQIv3xSYAwrMS02e9b5T06PRzp2c7VDaIdqOz1BRK21XiWqV57xMIi6ByHUUwOot4GcOAAAZiAPHMEDWXbGrVRDOPFF+JMeS4HpB0ey0Uh+29G0j0+0wOU74PSRhI/zz3Wjw8P2l1EdVzBuLx8+xLq6TnScRSbZHe7F8aK/2NCWAgxkAPhuv1BI73J61aDeTh6Vf8tvboqFcDwTz6Hv+bHx0D6Zvic2fbtbNHedKq1UCsedXy7dX+95Ke6ewBB8yjV7Z3NC4G0jfZlk/fRHrSqsVAvJ6lW1VIqoWHJD3dasAF42zxMuECHHRtJYCBtJI7389yQYx4s/wUoWO7jD2cDfe6F3a+Eq+2yE8Epr/Z2mXCGg60NSKAgRiBPDKM1eWYLZlHXrjSf+e152Fx7VcJV0ZeM8YvSHrTFCDG0TvTOxofA+mXbAsD2Zp5HDMQC079smg3cs7lRyS9327YsyPleVPDL0p689keNIBAIQEMpBBUQ7OlC+MWzWNuIOl32Z8z7UQekfTkBsbRuiytiZp458aRLl3dVNOZthAoIYCBlFBqa7NksdiqecwNJFPd0yWVD0u6a8D9hy3XT9vRSK8uBDCQLlj/N2irgezh4E8x/lbSzf3wux3Z8uGKY0HmuvudpGe7pYCwTRDAQPqlscVA9mAe/YjHGDm/y2N97D0o6VkTAuuxY5BF5XACFFo/5LUGgnn0y4W3kVNtWP5eC7XjLcM70YOB9Et0jYGwAPTLg8eRLR/ppXY8ZngnmjCQfokuMZD5kzJ7upncj3qMka0W/Vxjf5w+lRIjelRuhgAG0i+VFxkIxtGPe5SRl9TAHyQ9g/sdUVK9XZ0YSL/cnjIQq7PPfsoZeSSB0nq44/LP+94r6dL07gw71pFZYq6jBDCQfoUxP8M8nIWDvx/3iCNfVCvH4qF+ImZ5g5oxkL5JTQtD+pM4p4M+/zedRfIHAnMC81qZ/32qm/Rvd0q6D2QQ8EQAA/GUDbRAAAIQCEQAAwmULKRCAAIQ8EQAA/GUDbRAAAIQCEQAAwmULKRCAAIQ8EQAA/GUDbRAAAIQCEQAAwmULKRCAAIQ8EQAA/GUDbRAAAIQCEQAAwmULKRCAAIQ8EQAA/GUDbRAAAIQCEQAAwmULKRCAAIQ8EQAA/GUDbRAAAIQCEQAAwmULKRCAAIQ8EQAA/GUDbRAAAIQCEQAAwmULKRCAAIQ8EQAA/GUDbRAAAIQCEQAAwmULKRCAAIQ8EQAA/GUDbRAAAIQCEQAAwmULKRCAAIQ8EQAA/GUDbRAAAIQCEQAAwmULKRCAAIQ8EQAA/GUDbRAAAIQCEQAAwmULKRCAAIQ8EQAA/GUDbRAAAIQCEQAAwmULKRCAAIQ8EQAA/GUDbRAAAIQCEQAAwmULKRCAAIQ8EQAA/GUDbRAAAIQCEQAAwmULKRCAAIQ8EQAA/GUDbRAAAIQCEQAAwmULKRCAAIQ8EQAA/GUDbRAAAIQCEQAAwmULKRCAAIQ8EQAA/GUDbRAAAIQCEQAAwmULKRCAAIQ8EQAA/GUDbRAAAIQCEQAAwmULKRCAAIQ8EQAA/GUDbRAAAIQCEQAAwmULKRCAAIQ8EQAA/GUDbRAAAIQCEQAAwmULKRCAAIQ8EQAA/GUDbRAAAIQCEQAAwmULKRCAAIQ8EQAA/GUDbRAAAIQCEQAAwmULKRCAAIQ8EQAA/GUDbRAAAIQCEQAAwmULKRCAAIQ8EQAA/GUDbRAAAIQCEQAAwmULKRCAAIQ8EQAA/GUDbRAAAIQCEQAAwmULKRCAAIQ8EQAA/GUDbRAAAIQCEQAAwmULKRCAAIQ8EQAA/GUDbRAAAIQCEQAAwmULKRCAAIQ8EQAA/GUDbRAAAIQCEQAAwmULKRCAAIQ8EQAA/GUDbRAAAIQCEQAAwmULKRCAAIQ8EQAA/GUDbRAAAIQCEQAAwmULKRCAAIQ8EQAA/GUDbRAAAIQCEQAAwmULKRCAAIQ8EQAA/GUDbRAAAIQCEQAAwmULKRCAAIQ8EQAA/GUDbRAAAIQCEQAAwmULKRCAAIQ8EQAA/GUDbRAAAIQCEQAAwmULKRCAAIQ8EQAA/GUDbRAAAIQCETgv/bIfucBxRmEAAAAAElFTkSuQmCC', 'For Release', NULL, NULL),
(4, 'ITRM-2024-0003', '2024-11-25 02:18:35', 'Joy Nadera', 'Joy Nadera', '09197826472', 8, 'Computer No Power', 18724, 1, 1, 1, '', '[1]', '{}', 'cleaned out ram stick and reseated the processor. ', 'Make sure to clean the unit from time to time.', '2024-12-13', '2024-12-13 00:00:00', '2024-12-13', 1, 'theo untalan', 'data:image/png;base64,iVBORw0KGgoAAAANSUhEUgAAAZAAAADICAYAAADGFbfiAAAAAXNSR0IArs4c6QAAERtJREFUeF7t3c2q9EgdB+C/43z4BbpzRAYVXekNqAjOVkRFERRceQXiHXgH4h24EgVRVASXCqIu3OpKURFx3M2An+PnFHPim8kknapKVTrdeQ7IO56Tqkqeqq5fp5JOvyb8ECBAgACBCoHXVJRRhAABAgQIhAAxCAgQIECgSkCAVLEpRIAAAQICxBggQIAAgSoBAVLFphABAgQICBBjgAABAgSqBARIFZtCBAgQICBAjAECBAgQqBIQIFVsChEgQICAADEGCBAgQKBKQIBUsSlEgAABAgLEGCBAgACBKgEBUsWmEAECBAgIEGOAAAECBKoEBEgVm0IECBAgIECMAQIECBCoEhAgVWwKESBAgIAAMQYIECBAoEpAgFSxKUSAAAECAsQYIECAAIEqAQFSxaYQAQIECAgQY4AAAQIEqgQESBWbQgQIECAgQIwBAgQIEKgSECBVbAoRIECAgAAxBggQIECgSkCAVLEpRIAAAQICxBggQIAAgSoBAVLFphABAgQICBBjgAABAgSqBARIFZtCBAgQICBAjAECBAgQqBIQIFVsChEgQICAADEGCBAgQKBKQIBUsSlEgAABAgLEGCBAgACBKgEBUsVWXei/DyW5VxMqSIDAUQRMZPv1xBAeQ4vs97PXEgECHQRMYh1QF6oUIPtZa4kAgR0EBMgOyA9NCJD9rLVEgMAOAgJkB2QBsh+ylggQ2E9AgOxnPZyBpH+Te/r3sf2a1xIBAgTaCgiQtp6XakuBMYSGu7H2c9cSAQKdBARIJ9hJtf95OOsYvAXIPu5aIUCgo4AA6Yg7qnoaGAJkH3etECDQUUCAdMQVIPvgaoUAgesICJB93J2B7OOsFQIEdhQQIPtgjy+gpxYtYe3jrhUCBDoKCJCOuA9VTy+gC5D+5logQGAHAQHSH3nubMMZSH93LRAg0FlAgHQGXliumjsr6b8nWiBAgEBDAQHSEHOhqrmzjb9GxOsj4m8R8Yb+u6AFAgQItBcQIO1NpzUuLVdNL6z33xMtECBAoKGAAGmIeeEMZO65V66D9LfXAgECHQUESEfch6pTUPw7Ih6fNCVA+ttrgQCBjgICpCNuRPwrIl778Bys3KWtvnukdgIECDQSECCNIBequXS3lTOQvvZqJ0Cgs4AA6Qt86UK5W3n72qudAIHOAgKkL/ClALm0vNV3r9ROgACBBgICpAHihSpSgPwzIp5c2GbpAnvfvVI7AQIEGggIkAaIC1W8GBFPLFxAH4r4LEg/fzUTINBZQID0A865xuFCej9/NRMg0FlAgPQDFiD9bNVMgMABBARIv07IWZ5yBtLPX80ECHQWECD9gAVIP1s1EyBwAAEB0q8Tcu6wcgbSz1/NBAh0FhAgfYB/ERHvjYhfRsT7LjQhQPr4q5UAgR0EBEgf5NwPCQqQPv5qJUBgBwEB0gc55w6s1LIA6eOv1n0EvvRSM+l/fk4qIED6dLwA6eOq1mMJ/Dkifh4Rzx5rt+zNXgICpI90zh1YzkD62Kt1H4F/PDyi52sR8bl9mtTK0QQESJ8eSQGSroOkR5lc+rGE1cdfrX0F/h4RT0WE8OjrfPjaBUj7LkrfPvjYyjOwhlYFSHt/NfYXSEu06Vlvr+vflBaOLCBA2vdOSSiUbNt+T9VIoFzgNxHxzoj4bUS8q7y4EvckIEDa92YKhfQOLX2V7dqPAFkT8vcjCQy3pwuPI/XKFfdFgLTFT9/98Xjm8lVqWYC09VdbP4HnIuKtEZGWaNMY90MgBEjbQZB7++7QqgBp66+2PgLDd9v8KSKe7tOEWm9RQIC07bXc23cFSFt3tfUVKB3XffdG7YcRECBtu6L0heYMpK2/2toLfCYivh4Rn42Ib7SvXo23LCBA2vZeyQX01LIAaeuvtvYCpcuy7fdAjYcVECBtuyYFQvqEbu798QKkrb/a2gqkR5W8seCuwratq+3wAgKkXRcNn84tMS1d8mq3t2oicFlgCI+/RMSbYBGYEyiZ7AheFij5BPpQU86XTnEnsLfAsGwlPPaWv7H2BEi7DitdK879zpB2e6gmAusCw7Jq+jc9kscPgUUBAdJucJQGSOn27fb01TWlfTFZ9BQ+ft3pTqt0x1X6SXdbpbuu/BC4KCBA2g2Q0usZR7mAPgRZkjAe2o2HW6ppGAPOOm6p1w6wryaMdp1wiwEyDg8Bkj8Wpm5zJYdbuo/+2I/vRMTHH24pdxaaPwZs6R1n0zFwSwEyngDTfg9vJLyhuDwkcoIj1TA2HWpMv/tDRDzTdNRtr+woZ8Lbj0QNuwscbcIYBvPuEA8v+jRB1L5jLL2j6pov3Lm2r7k/1+jvnDbnAqN0mSfdLLH2/TCldebse842R7oOl7O/tjmYwBEDZO7d2xrb0ju+LcdXugSRtv9bRLxhbWcf/n6tCXtpvfta+5PJtftm07O0tANbl3h+HxFvXzjz3ztEhuP7bkR8YnddDd6FwJYJ9i4AZg5i6R1jeoGnDwvOBcRfI+L1hUuC15iwL10szd2fM9yxtfdF5T3b+2REfGv0JmZrKN7rPOC4MgQEyDrSXKBMw6TmMx25E/b6HuZtsTZJ5ezPWe7YKr2eldcDl7fK8d/azjBOUz2fiohvb61Q+XMLCJCy/k9nGuk5V2tuOcsRe0wY46NbmxTX9md6fSrnGMt0j7H1Na4L9A7m8VmHL4Q6xji7i71Ymwjv4iA7HcRcmCxdv5mbbNcm7Ja7nTMpXtqfcXikMTMXJkvLey2Po3dda2dprdpfupurx+tx3NZHIuIHrQ5CPQR6DNgzqs5N0Ol36WdsPA6SvQJkaGftjCEnQMbHMnd8c30/1JuWT5488ODoER7pE92ffhgD09fa8GZjrV+2kPU4pi37o+ydCQiQNh26tjy09I6z5+QxfD97OsI0eT+xcqilATKtLnd579Ju7BWqJb3eap/2CIzpkmX6/7+OiPeUHLBtCeQKCJBcqeXtcpaHhtLTW0N73QFT885z6Thars+n79YePmdzaewtLQUmx0t/a/H3pZ5ea3c6eaftvzl6vtT2kZZXw68i4t0zZ795pW1FoEBAgBRgzWw6fAdImmRfu62qZqVrwmNofO5MqtU78GYH2LiiweurEfH5xnXvXd2Wvt97X7V3BwICZFsnHm1y3TqBTI+n5Oxqm+T1Sq8tP15vz/Ja/l5EfHR0ra3nsmjeHtnqNAICpL6rhy+QKvkK2/rW1ktuDY/UwjRAbn1yXVOr+fzOWp17/X348OrQXslTEPbaR+3cuYAAqe/gI02uLcJjGiBHO7uq76nlkrd4jNPraN+PiI/1wFEngTUBAbImNP/3rUs7rSeuVmE29/mOXhf66+TblkrHeysfrNvrBoy2wmq7awEBUte9WyfslgGyNczGAtMAuefx0dKtbhTllRIceU62uoLAPU8QPTmPFCBb9+WsAdLSrcdYExw9VNXZVECA1HFumXxafq6i9bvo8RnIPd/N89OXHunx/oj4WUR8oG4IdCslOLrRqri1gACpE92ydj6epLf4t7pwPhXYEo51mvuXah28W4/gCxHxZbfibmVUfm+BLRPY3vt6pPbSJFtz2+T0kSa1/kMI3coF4CP1Xa/grTnGP0bE06OC+rNGUZmrCdROYFfb4QM0XPPlUcNuD+/uB/dS//H3OZSWPQDd1XfhKOEx7seE8lxEvO3qOnaAQKGASagQ7OHBhOmxJaV242WTmruwjjL5lYsdo8QR/KbXN74YEV85Bo+9IFAuUDoJlrdwfyVq18/H1xZKA2R4su49X9juPVJKzVvujwvjLTXVdRgBAVLeFTUBMi1TOpmVbl9+VPdf4hqGguP+x9Wpj1CAlHd/TYBM72wqmcxq2is/qvsvUWK+VUNwbBVU/iYEBEh5N5Xe5joXALmT2VA25wuhyo/kPCX2uP6RHqqZvrRreE1ZbjzP+DrtkQqQ8q5PE0OakHK//2MucHIC5PmXPhvw5ocn5N7z86jKe6C8RI53Sa0/jogPLtxIIThKJG170wICpKz70rvM9L3euW5Ly085E1rONmV7f96tt1r+LiKeuRAYP4mID52X15GfVSB3Ijyrz/S4S69HLC13XZrQxt8t/kJEvAX+ZoGaABm+72XceKon3RH31OY9UgGBOxAQIGWdWDIRXQqbuXqmE5alkLK+ubT19AkAJTWXLFeW1GtbAjcvIEDKurDkAvqlbecCZPhdzSNSyo7ivFvnBEnqh99HxDvOy+TICeQJCJA8p2GrNLm8mLGEsbbUdSlA9ElZn9iaAIErCZis8uGHJaYcs7UzlaUAsWyV3x+2JEDgygI5k+GVd/Ewza+dVQw7mrPdOEDGyyr64zDdbUcIEFgTMGGtCT36+9pZxXiZa+1MYvzBNh88y+8DWxIgcCABAZLfGSkU1r6vIefsYxw0w3/rh/x+sCUBAgcRMHHldcTw/Q1rXrlnKeMQWaszbw9tRYAAgZ0FTF554DlnFjnb5LVmKwIECNyAgADJ66ScM4ucbfJasxUBAgRuQECA5HXS2vWP4WtufQgwz9NWBAjcgYAAWe/EnOsflq/WHW1BgMCdCQiQ9Q5dC4c9vmtifS9tQYAAgZ0FBMg6+Nq1jbW/r7dgCwIECNyggAC53Gnp0d2PR8SPIuLZmU3Xzk5ucEjYZQIECOQJCJDLTmsB4ewjb5zZigCBOxQQIJc7NQXE0vdBrIXLHQ4Xh0SAAIFHAgJkeTSsPX3X2YdXEgECpxYQIMvdfykgnH2c+mXj4AkQSAICZH4c/DAiPhwR6TMgT0w2eT4i3hwRa0/cNcIIECBw1wICZL57S7/P/K4HiYMjQIDAnIAAmR8XS8tXQ7C8EBFvMaQIECBwZgEBUhYgLpyf+dXi2AkQeIWAAFkOkPQhwidHf/bARC8eAgQIjAQEyKuHw4sPF86nNu688tIhQICAALk4BpaCwvKVlw4BAgQESHGAOPvwsiFAgMBEwBLWq4fE9EzD49q9bAgQIDAjIEBeiTK9UC48vGwIECCwICBAXgkzXqoSHl42BAgQuCAgQF6JMyxfpd8mG48r8fIhQICAM5DVMTAsX6XQEB6rXDYgQODsAs5AHo2AYckq/caZx9lfGY6fAIFVAQHyiCiFhvBYHTI2IECAwMsCAuTVAcLEq4MAAQIZAibLl5E8ZTdjsNiEAAECYwEB8ig8nJF5bRAgQKBAQIC8fMF8+OFRMHhsSoDAuQXOPmGOw8MZyLlfC46eAIFCgTMHyPiuq8HhzB6FQ8fmBAicXeDME+YQIMOHBn324+yvBsdPgECRgAB5+RpIcjizRdGgsTEBAgTOvubv+ofXAAECBDYInPldt0eXbBg4ihIgQODMAZJ6P4VI+nnMUCBAgACBMoGzB0iZlq0JECBA4P8CAsRgIECAAIEqAQFSxaYQAQIECAgQY4AAAQIEqgQESBWbQgQIECAgQIwBAgQIEKgSECBVbAoRIECAgAAxBggQIECgSkCAVLEpRIAAAQICxBggQIAAgSoBAVLFphABAgQICBBjgAABAgSqBARIFZtCBAgQICBAjAECBAgQqBIQIFVsChEgQICAADEGCBAgQKBKQIBUsSlEgAABAgLEGCBAgACBKgEBUsWmEAECBAgIEGOAAAECBKoEBEgVm0IECBAgIECMAQIECBCoEhAgVWwKESBAgIAAMQYIECBAoEpAgFSxKUSAAAECAsQYIECAAIEqAQFSxaYQAQIECAgQY4AAAQIEqgQESBWbQgQIECAgQIwBAgQIEKgSECBVbAoRIECAgAAxBggQIECgSkCAVLEpRIAAAQICxBggQIAAgSoBAVLFphABAgQICBBjgAABAgSqBARIFZtCBAgQICBAjAECBAgQqBL4H5PkeudYW4y4AAAAAElFTkSuQmCC', 'Released', NULL, NULL),
(5, 'ITRM-2024-0005', '2024-11-29 08:20:12', 'Mark Naynes', 'Paul Naynes', '09234587642', 8, 'Issue with printer it makes loud noises whenever it&#39;s in use.', 789, 1, 1, 1, '006', '', '', 'sdsa', 'df', NULL, NULL, NULL, NULL, NULL, NULL, 'Pending', NULL, NULL),
(7, '', '2024-12-02 07:11:32', 'John Santos	', 'Maria Reyes	', '0917-123-4567	', 8, 'Network request please hoccurred. And I thought I needed to restart the modem or the router whatever you call it, but it didn\'t helped nor did anything so I need you to check up on it to see what\'s wrong. ', NULL, 1, 1, NULL, '001', NULL, NULL, NULL, NULL, NULL, NULL, NULL, NULL, NULL, NULL, 'Pending', NULL, NULL),
(8, NULL, '2024-12-02 07:15:00', 'Anna Cruz	', 'Jose Mendoza', '0918-234-5678	', 8, 'Network request please help it\'s been 3 days since this problem occurred. And I thought I needed to restart the modem or the router whatever you call it, but it didn\'t helped nor did anything so I need you to check up on it to see what\'s wrong. ', NULL, 1, 1, 0, '002	', NULL, NULL, NULL, NULL, NULL, NULL, NULL, NULL, NULL, NULL, 'Pending', NULL, NULL),
(10, 'ITRM-2024-0015', '2024-12-02 07:16:15', 'Linda Tan', 'Roberto Ramirez	', '0918-456-7890	', 8, 'Network request please help it\'s been 3 days since this problem occurred. And I thought I needed to restart the modem or the router whatever you call it, but it didn\'t helped nor did anything so I need you to check up on it to see what\'s wrong. ', 18724, 1, 1, 1, '004	', '[9]', '{\"9\":\"Cabling\"}', 'simple cabling request ', 'simple cabling remarks ', '2024-12-23', '2024-12-23 00:43:00', '2024-12-23', 1, 'Kevin Juan', 'data:image/png;base64,iVBORw0KGgoAAAANSUhEUgAAAZAAAADICAYAAADGFbfiAAAAAXNSR0IArs4c6QAAEaFJREFUeF7tncuuHUcVhv/YSRwbB5yBDaMEBlyGCAkmMAUJHgAegovEDCQQQSDBEHF5CHgAkGACEkxgAMy4TEhGkESKIcZ2bsAp3AXlnb13d1fXZdXq70i5SKer1lrfWl3/qa6u6kfEDwQgAAEIQCCDwCMZbWgCAQhAAAIQEAJCEUAAAhCAQBYBBCQLG40gAAEIQAABoQYgAAEIQCCLAAKShY1GEIAABCCAgFADEIAABCCQRQABycJGIwhAAAIQQECoAQhAAAIQyCKAgGRhoxEEIAABCCAg1AAEIAABCGQRQECysNEIAhCAAAQQEGoAAhCAAASyCCAgWdhoBAEIQAACCAg1AAEIQAACWQQQkCxsNIIABCAAAQSEGoAABCAAgSwCCEgWNhpBAAIQgAACQg1AAAIQgEAWAQQkCxuNIAABCEAAAaEGIAABCEAgiwACkoWNRhCAAAQggIBQAxBYT+DfUxPun/XsaOGIADeAo2QSSnUC/5KU3jPcP9WRY8AyAW4Ay9nBN0sEoniE2Ue4b8J/L1lyEF8g0JoAAtKaOPZGJHAoHiEG7p0RM4nPRQlwExTFSWcOCaTiEYXjRUm3HMZKSBBYRQABWYWLi3dGIBWPlyTd5NHVziqAcM8SQEAoEAgcJ5CKR1jr4M0rKgUCBwQQEEoCAg8TeDNZHI8L5VFMeHRFtUAgIYCAUA4QeEDgvqQrE4z0DavDmQi8IACBiQACQilAQEr3d7wq6YkJCuJBdUDgDAEEhPLYM4FUOML/X05gIB57rgxiX0QAAVmEiYscEjgnEIiHw4QTUnkCCEh5pvRon0B8o+pw1hE8Rzzs5w8PjRBAQIwkAjeaEHhF0vXJ0h1JTx5YRTyapAEjXgggIF4ySRxzBNLXc4/VPeIxR5DfQ+CAAAJCSeyBwJw4zP1+D4yIEQKrCSAgq5HRYCACr0l6bPL31Om5cWbC6boDJRZXbRBAQGzkAS/KE0hf0T1V529Mr+4iHuX50+MOCCAgO0jyzkJM1zqOvWUVccSd54jHzgqEcMsRQEDKsaSn/gTi67lLRIHDEfvnCw8GJ4CADJ5A3P8vgfRx1euSHp/hgnhQOBAoQAABKQCRLroSWLsIjnh0TRfGPRFAQDxlc3+xhIMPw2xjySOrQAfx2F+NEHFFAghIRbh0XZ3AGkGIj7nS03arO4gBCHgmgIB4zq7v2HLEIzzuetQ3FqKDQDsCCEg71lgqRyBHPM690lvOM3qCwI4IICA7SraTUOOjqLDLPH5B8FRobBR0knTCsEkAAbGZF7w6TiCKx5LZxGclfX/FAjvMIQCBlQQQkJXAuLwLgXR3OW9cdUkBRiHwVgIICFVhmUB8BBV8XCoc4do4U6G+LWcX34YnwA02fApdBvA3SbeSyF6Q9M6FkUbxCOITT+Jd2JTLIACBNQQQkDW0uLYFgfRYkrWv3cZHXUvWSFrEgg0IuCaAgLhO71DBpcKRIwB3JV1d+ahrKEA4CwFrBBAQaxnZpz8lvgi4Zm/IPikTNQQKE0BACgOlu9UEEI/VyGgAARsEEBAbedirFyXEI/ZxT9K1vYIkbgj0IICA9KCOzUCghHiwaE4tQaAjAQSkI/wdmy4hHuHDUeFgxDX7Q3aMnNAhUJ4AAlKeKT2eJnBb0jumX28d+EP7rX2QKwhAYAMBBGQDPJquIpC+pvt3STdWtX74Yt642gCPphAoRQABKUWSfk4RKDnrSNdOPifpB2CHAAT6EUBA+rHfg+V01vHSxYB/c2PQsb+1O9Q3mqU5BCBwjAACQl3UIFB61pHOPFj3qJEx+oRABgEEJAMaTU4SCG9GXZYU66rErCMYi6/rIh4UHwQMEUBADCVjUFfSb3XEEEoO9IjHoIWB2/4JICD+c1w6wnBM+qVklhH7zzkAcc43Pkk7R4jfQ6AjAQSkI/yBTKcfdkpnGWF2UOubG+Gb56HvkrOZgZDjKgTsE0BA7OfIiodhhhH+Cbu/a/9wNHttwvQPgQIEEJACEOmiKIHvSvr81CP1WRQtnUGgLAFu0LI86W07AXaZb2dIDxBoQgABaYIZIwsJIB4LQXEZBCwQQEAsZAEfAgHEgzqAwGAEEJDBEubUXcTDaWIJyzcBBMR3fkeILorH9yR9YQSH8RECEHhAAAGhEnoS4HO0PeljGwIbCSAgGwHSPJtAFI9wftbj2b3QEAIQ6EYAAemGfteGOZZ91+kneC8EEBAvmRwnjigeNc7OGocCnkLAAQEExEESBwoB8RgoWbgKgTkCCMgcIX5fikAUDw5HLEW0TD8xL4wFZXjuqheKZlfp7hYsJ+t2Q3/ScPq54XgR44G9PJn2iIIxnR43zrFR0F4qQ07ibJD82MvPEB4hIEOkaWgneURiL32HOUFA7OVoCI8QkCHSNKyTvK5rL3VRLNK1KATEXp6G8AgBGSJNQzr5T0nX+KKgmdzdkfS2yZsfSfpM4lkQ+vATPlXMDwQWE0BAFqPiwpUE+Kt2JbCKl8+9ARc+WRx+WnxtsmKYdN2aAALSmvg+7LHuYSPPP5T06cmVMCO8fsItBMRGvobzAgEZLmXmHX5zehTCTvO+qUpf0527z+9LuiLpF5J+fuH2s31dx/ooBOYKa5Q48NMGgU9K+jHrHt2TMffI6piDtyX9DgHpnruhHEBAhkqXeWdHW/fwuHgcc3BveonBfNHg4LgEEJBxc2fN8/hX76ck/cSacwf+HO7C9nK8ShSPn0n6hPEc4J4DAgiIgyQaCGGUdY9UODztwv6ppI9PdcA9beCG2IsLFNteMl03zvRYjLqW8nsPbxpdPrI+M9pjt0MCdyVdRTzyC4OW+QQQkHx2tHxAYJQB+JTIjeL/sXrLWSynbiFQjAACUgzlLjuKA1j4KzjucrYI4pxIjCogiIfFStuZTwjIzhJeMNxTj4QKmijS1dymxhEFBPEoUhp0spUAArKV4H7bj7DuseQwx9EEBPHY7z1nLnIExFxKhnBohEH3ZUk3FmxqHCGWWBSIxxC3x36cRED2k+tSkcZB7HVJj5fqtEI/S4Vh6XUVXFzVJeKxChcXtyCAgLSg7MdG3O9hfePd3LpHmpGRHsVZ5+6n0olkEQEEZBEmLpL06jTjsD6Ird3UGOKxfPAjMw9uP7MEEBCzqTHn2CiPetbMKL50cQrtty7E8cuSvm2O+ANhC/eoddE2iA6XWhBAQFpQHt/GSOIRaC+t6zhbWXp9y0wiHi1pYyuLgMUbJysQGlUjMIp4xAE3HEv+1EIaa9ZKFnZZ5DLEowhGOqlNAAGpTXjs/uNA9tr0wSGr0eQOuBbFMTcWq7nBL8cEEBDHyd0YWhzILC8whxC3DLjWBGRLLBvTTXMIrCeAgKxntocWo72um7vIbElAEI893FnOYkRAnCW0QDijvK5bYsC1IiAlYimQerqAwDoCCMg6Xnu42sqgeo51qQHXQqylYtlDbRKjMQIIiLGEdHbHwoA6h6DkgNs73nAczKPs85hLOb+3SgABsZqZ9n71HkyXRFxSPIK9njE/J+lpxGNJ2rnGKgEExGpm2vo1wuu6pcWjp4B8WNKvEY+2RY618gQQkPJMR+txhNd1az3q6TUD6WV3tNrEX+MEEBDjCars3iiv664532oNsh4DeQ+ba5hwLQQWE0BAFqNyd+Eor+vWHHBr9n2sYOJs7yOSfuOuoghodwQQkN2l/H8Btx48c0jHAfdXkj6W08FMm5YMYizPS3qmQix0CYHmBBCQ5shNGGw5cOYGvPa7Hjl2WnGI4vGGpMdyHKUNBCwSQEAsZqWuT60GzS1R/FLSRxu8pdSCRbSRe9zKFo60hUBVAghIVbzmOh/hdd0ArcXAXttOfHMs2Kn1CM5cgeHQvgggIL7y/Q9J1098UCkMyiHfo5yu26I2awlVjT0rviqVaFwQaHGTugBlPIi4XhDdjGIR/3vovlURab1WUFpA4qO3wJv1DuM3De5tJ4CAbGdooYe4T+KOpLcfcSj+Pnyt78Y0E7GW+x5/tZf8ImHsK+C3xtZCjeKDQwIU+vhJfWV6bBXE48kT4pEOauEv48vGBrke4hGYxBnDljWKr1zw/MbEnYXy8e8nIlhBAAFZAcvopef+io6/uyfpWuJ/GOjCY69wEmzvn17ikT7uyx3401nHVy94frM3TOxDoCUBBKQl7fK2zg2+5/ZR1DoaZG2EvcUj+JuzDsKsY22mud4lAQRk3LTODb7nRGKubQsqFnzIEZB01vHFizWl77SAhQ0IWCSAgFjMyrxPc4Pvkr+q5/qY9yL/ip62D71eupD+7MVs5WtT49xHXvnEaAkBgwQQEINJmXFpbvBdOiAGM3N91aDTw+ZcHFFw564Lv//6xb+CmPADgd0TQEDGKoG5wTfn/KiWey/m/O+VjfSx1CkfmHX0yg52zRJAQMym5i2O/UHS+8+cD3VX0tXM86PWzFpyicW/8q1uYsyNi3YQ2C0BBGSc1M+ta8z9fi7Sre3P9R/7Dt8geWLOEX4PAQiMQQABGSNPcYbwW0kfOuJyiRlEjc/G3pd0ZfKXWhuj1vASAosJcFMvRtXtwrlHVyXXMEquUaTnc1Fn3coHwxCoR4Abux7bUj2fe7RUY9ZQQkRK9FGKH/1AAAKVCCAglcAW6jYOxH+U9IEjfdbaUZ4rAOnbTLy1VKgI6AYCVgkgIFYz88CvcwJRc9E72E5F5AVJ7zqBKhzOeCk5nBHhsF1TeAeBYgQQkGIoi3cU1xCO5SgO7i9KulXc8v87XLI/Il6NcFRMBF1DwCIBBMRiVs7PPnI2C26N8q+TUKX1EgQjCIyFE323xkd7CEAggwACkgGtQZP4zY7nJT2T2AuPkm5mbhZs4DYmIACBPRFAQGxm+9T6Ru11D5s08AoCEDBJAAGxl5bnJD195INPJTYL2osWjyAAgWEJICD2UndMKEpuFrQXMR5BAAJDEkBA7KUtLk6H75aHn7hozltO9nKFRxDYNQEExFb6D2cfL1988e4Gi+a2koQ3EIDAAwIIiJ1K+JOk9x6IBYvmdvKDJxCAwAEBBMROSRyKBeJhJzd4AgEIHCGAgNgoi/jo6veSPpgcI3Jb0lM2XMQLCEAAAg8TQED6V8Tho6soJny5r39u8AACEDhDAAHpXx7po6q4A503rvrnBQ8gAIEZAghI3xKJs40/S3rfzOm7fT3FOgQgAAEW0U3VQHpcO4vmplKDMxCAwBwBZiBzhOr9Pt3zwTEl9TjTMwQgUIkAAlIJ7IJu4+wjXBryEHacczT6AnBcAgEI2CCAgPTJQ5xx/EXSu9lp3icJWIUABLYRQEC28cttHdc7YnvykEuSdhCAQDcCDFx90KcCEmYh7+njBlYhAAEI5BNAQPLZbW2ZvoG1tS/aQwACEGhOAAFpjhyDEIAABHwQQEB85JEoIAABCDQngIA0R45BCEAAAj4IICA+8kgUEIAABJoTQECaI8cgBCAAAR8EEBAfeSQKCEAAAs0JICDNkWMQAhCAgA8CCIiPPBIFBCAAgeYEEJDmyDEIAQhAwAcBBMRHHokCAhCAQHMCCEhz5BiEAAQg4IMAAuIjj0QBAQhAoDkBBKQ5cgxCAAIQ8EEAAfGRR6KAAAQg0JwAAtIcOQYhAAEI+CCAgPjII1FAAAIQaE4AAWmOHIMQgAAEfBBAQHzkkSggAAEINCeAgDRHjkEIQAACPgggID7ySBQQgAAEmhNAQJojxyAEIAABHwQQEB95JAoIQAACzQkgIM2RYxACEICADwIIiI88EgUEIACB5gQQkObIMQgBCEDABwEExEceiQICEIBAcwIISHPkGIQABCDggwAC4iOPRAEBCECgOQEEpDlyDEIAAhDwQQAB8ZFHooAABCDQnAAC0hw5BiEAAQj4IICA+MgjUUAAAhBoTgABaY4cgxCAAAR8EEBAfOSRKCAAAQg0J4CANEeOQQhAAAI+CCAgPvJIFBCAAASaE0BAmiPHIAQgAAEfBBAQH3kkCghAAALNCSAgzZFjEAIQgIAPAgiIjzwSBQQgAIHmBBCQ5sgxCAEIQMAHgf8AM2t159mYiEQAAAAASUVORK5CYII=', 'Released', NULL, '2024-12-23 11:39:51'),
(11, NULL, '2024-12-02 07:16:48', 'Carlos Perez	', 'Maria Reyes	', '0917-567-8901	', 8, 'Network request please help it\'s been 3 days since this problem occurred. And I thought I needed to restart the modem or the router whatever you call it, but it didn\'t helped nor did anything so I need you to check up on it to see what\'s wrong. ', NULL, 1, 1, 0, '005	', NULL, NULL, NULL, NULL, NULL, NULL, NULL, NULL, NULL, NULL, 'Pending', NULL, '2024-12-23 11:40:26'),
(12, NULL, '2024-12-03 01:18:33', 'Richard Co	', 'Maria Reyes	', '0917-345-6780	', 8, 'New software deployment, suggest a new software to be deployed.', NULL, 1, NULL, 0, '013	', NULL, NULL, NULL, NULL, NULL, NULL, NULL, NULL, NULL, NULL, 'Pending', NULL, NULL),
(14, NULL, '2024-12-09 02:13:13', 'Kashi Shintaro', 'Maurice', '09234587642', 11, 'Biometrics issue there is some kind of bug or something on our biometrics system, dates are being duplicated.', NULL, 1, 0, 0, '001089723784', NULL, NULL, NULL, NULL, NULL, NULL, NULL, NULL, NULL, NULL, 'Pending', NULL, NULL),
(15, NULL, '2024-12-09 02:16:16', 'Sherwin Malapitan', 'Maurice', '03294809232', 11, 'Magpapaset up po ng bagong units total of 30 units sa office ng HR.', NULL, 1, NULL, 0, '23478502', NULL, NULL, NULL, NULL, NULL, NULL, NULL, NULL, NULL, NULL, 'Pending', NULL, NULL),
(16, NULL, '2024-12-09 02:24:15', 'Paul Naynes', 'Maurice', '0997823364', 11, 'Printer paper jam need help I don&#39;t know how to fix this.', NULL, 1, 0, 0, '', NULL, NULL, NULL, NULL, NULL, NULL, NULL, NULL, NULL, NULL, 'Pending', NULL, NULL),
(17, NULL, '2024-12-09 02:52:02', 'Dralloc Rago', 'Maurice', '09197826472', 11, 'I need help I have a blue screen of death on my laptop this is a personal request.', NULL, 1, 0, 0, '', NULL, NULL, NULL, NULL, NULL, NULL, NULL, NULL, NULL, NULL, 'Pending', NULL, NULL),
(18, NULL, '2024-12-09 03:12:07', 'Nick Pedrigal', 'Maurice', '03294809232', 11, 'This is a sample request issue', NULL, 1, 0, 0, '', NULL, NULL, NULL, NULL, NULL, NULL, NULL, NULL, NULL, NULL, 'Pending', NULL, NULL),
(19, NULL, '2024-12-09 03:13:56', 'Mclay Misolas', 'Maurice', '09234587642', 11, 'Sample again for the notification testing', NULL, 1, 0, 0, '', NULL, NULL, NULL, NULL, NULL, NULL, NULL, NULL, NULL, NULL, 'Pending', NULL, NULL),
(20, 'ITRM-2024-0014', '2024-12-18 06:29:35', 'Nathan Enriquez', 'John Felicisimo', '09198762462', 11, 'paper jam printer', NULL, 1, 1, 1, '328473894', NULL, NULL, NULL, NULL, NULL, NULL, NULL, NULL, NULL, NULL, 'Pending', NULL, NULL),
(21, 'ITRM-2024-0013', '2024-12-18 06:31:10', 'John lloyd', 'Khent', '09927844672', 8, 'biometrics', 789, 1, 1, 1, '234324732', '[12]', '{}', 'biometrics', 'registered biometrics', '2024-12-23', '2024-12-23 09:05:00', '2024-12-23', 1, 'John lloyd', 'data:image/png;base64,iVBORw0KGgoAAAANSUhEUgAAAZAAAADICAYAAADGFbfiAAAAAXNSR0IArs4c6QAADWRJREFUeF7t3UmrLVcZBuA3nWBUUGyjkmCHcSL6XxSiQxFbULBBhw4VG1CwRcSRBnTkH9GBoGJHgn1EHWhEY5eKp5J9zz1n76q1q+p8VfXc2T3UWvXV862z31PN3vuO+EeAAAECBBoE7mgYYwgBAgQIEIgAsQgIECBAoElAgDSxGUSAAAECAsQaIECAAIEmAQHSxGYQAQIECAgQa4AAAQIEmgQESBObQQQIECAgQKwBAgQIEGgSECBNbAYRIECAgACxBggQIECgSUCANLEZRIAAAQICxBogQIAAgSYBAdLEZhABAgQICBBrgAABAgSaBARIE5tBBAgQICBArAECBAgQaBIQIE1sBhEgQICAALEGCBAgQKBJQIA0sRlEgAABAgLEGiBAgACBJgEB0sRmEAECBAgIEGuAAAECBJoEBEgTm0EECBAgIECsAQIECBBoEhAgTWwGESBAgIAAsQYIECBAoElAgDSxGUSAAAECAsQaIECAAIEmAQHSxGYQAQIECAgQa4AAAQIEmgQESBObQQQIECAgQKwBAgQIEGgSECBNbAYRIECAgACxBggQIECgSUCANLEZRIAAAQICxBogQIAAgSYBAdLEZhABAgQICBBrgAABAgSaBARIE5tBBAgQICBArAECBAgQaBIQIE1sBhEgQICAALEGCBAgQKBJQIA0sRlEgAABAgLEGiBAgACBJgEB0sRmEAECBAgIEGuAAAECBJoEBEgTm0EECBAgIECsAQIECBBoEhAgTWwGESBAgIAAsQYIECBAoElAgDSxGUSAAAECAsQaIECAAIEmAQHSxGYQAQIECAgQa4AAAQIEmgQESBObQQQIECAgQKwBAgQIEGgSECBNbAYRIECAgACxBggQIECgSUCANLEZRIAAAQICxBogQIAAgSYBAdLEZhABAgQICBBrgAABAgSaBARIE5tBBAgQICBArAECBAgQaBIQIE1sBhEgQICAANnvGvhPkjv3e/iOnACBcwUEyLmC6xzfhUfX+/8KkXU2UNUEKggIkApdWL6GLji6f/q/vL09EtiMgBeQzbRy1IEIkFFcT2/8vSRvTPLNJ3/yibYpjCKwHQEBsp1eDj0Sl6+GSj2z3Q+TPHjx38eS3Dd+CiMIbE9AgGyvp8eOSHi09ftfSf6e5Hltw40isE0BAbLNvl53VN2lKzfOx/X8TUm+n+TNSX4wbqitCWxbQIBsu7+HR/d4kmdf/CV9734O++wj/UeSu5LcffZMJiCwMQEBsrGGHjmc/vKVng/r+euS/OgiPP6U5IXDhtmKwH4EvJjsp9cuXw3v9RMXZxz/TvKGJD8dPtSWBPYjIED20WuXr8b1uQvb7sb5PeOG2ZrAvgQEyD767fLV8D7/8yI4/G4MN7PlTgX8kmy/8f3lGE9fne71V5O8K8nXkrz79Oa2ILBvAQGy/f679zG8x51VF7jPGj7ElgT2KyBAtt17H1kyvL/dPY/ucV2/E8PNbLlzAb8s210A/X0PN4NP9/jbSR5K0j115f0ep71sQeApAQGy3YXg0tXw3nrqariVLQk8LSBAtrkYPLY7vK8u8w23siWBWwQEyDYXhMd2h/W1f0LN78EwL1sRECAbXwM/S/IaH5p4sst9yD6c5G0nt7YBAQK3CfjLa3uLwiWZ0z39c5LnC9nTULYgcExAgGxrffR/Vf88yWu3dWiTHU0fHn9J8oLJZjURgR0KCJDtNN2lq9O9FB6njWxBYLCAABlMVX5Dl66Ot0h4lF/CClybgABZW8eurtelK+GxjZXsKFYlIEBW1a4ri+0/gsOHJR4PV/c81r/WHUExAQFSrCEN5XjH+fVof03yHE9bNawqQwgMEBAgA5AKb+K+x+nw+FuS5xbuodIIrFZAgKy2dfFuc+Gx3tWr8k0ICJB1trEPD58ee3v/+stWzjzWubZVvSIBAbKiZh2U6r7H1X0THutcz6peqYAAWV/jXLoSHutbtSrepIAAuZm29je/Wx69dfbhstXNrFp7JXBJQIAsvyT68Djc89AgcfZxe796E/c8ll/L9rhzAQGy7ALoX+wOA+Oqn11XlbOPW2V+leQV3uex7CK2NwK9gABZbi0cC4ohIeLs49ZefSfJW5KnHme+a7k22hMBAgJk+TVw6uzhVECcGr/8Ed3cHu9P8ogzj5trgD0T6AScgSyzDn6c5PVPfvPdT5I8eGSX14XEqXBZ5ijq7MU78Ov0QiU7FhAgyzR/aABcdynL2cczfRIey6xZeyFwUkCAnCSaZIMxAXA5RIaGzySFFp+kt3ggyaPFa1Uegc0LCJD5W9wSAIch0vVo6GO+8x/Nze2h+9iWO5N8N8lbb64MeyZAoBcQIPOvhTFnH4fV9N+g1/1s799l0Qfqr5O8cv6W2QMBAkMEBMgQpfO26QKk9UMPD990uNezkCGPOJ/XIaMJEGgSECBNbIMH9d8W2OJ8eOlrry+ifYD+NsnLB6vbkACBRQRaXtgWKWwjO2m5/9Ef+uVLX3sLkT48vpLkvRtZDw6DwKYEBMi87Wy9/9F9rtO9SR6/+ErWvso9hMiXk7zn4oCtz3nXp9kJnCXgF/QsvqODf5HkVUl+meTVI3dz7MxlyyHymyT3CY+Rq8XmBG5IQIDMBz/l5avLVfZzdz//VJKPz3cYi8285WBcDNGOCCwpIEDm05768tXlSj+Z5GMXP1z7E1rnfD/KfB00MwECRwUEyHwLpPXx3bFnLmv+y/2xJC+6aMGXkrx/vnaYmQCBqQUEyNSi/5/vnMd3W85cfp/kJReH8ockL53nsCaddc3BNymEyQisVUCAzNO5sWcRfRWt4/rxa7gU9MUk77so+I9JXjxPC8xKgMDcAgJkHuGWs4iuktZxh0fRh9DvDp5omucox896ePPf2hvvZwSBUgJ+iedpRxcEY78p79yzj6tCpFJ/+8t6a7/hP8+KMSuBFQpUeoFZId+VJX82yYeSfC7Jh0cc1BRnH4e7q/S9GX14tH4m2AhGmxIgsJSAAJleuv/Y8TG2U5599EfUfX7Uywp8FLzwmH6NmZFACYExL3IlCl5BEWPD4Ikkd8/0Qn94z+Hyx6IsQSk8llC2DwI3JCBApocfeylq7PYtFd/EI7PCo6VTxhBYkYAAmb5ZY95AuOR9iv4DGrsj7vb7cJK3T3/4T83YB5Z7HjMBm5ZABQEBMm0XxryBsH+R7cbcM20ZR2c7vKzVh0n3VbFT/Hskyf0XE3naagpRcxAoLCBApm3OmPsfS1y6OnZ030ryUJJ+DXw0yWfO4LiJy2RnlGsoAQLnCgiQcwVvHT80FMYEzbQV3j7bR578zpFPH5w1fCPJOwfutBvXParcr6NHkzwwcKzNCBBYuYAAmbaBQ99AODRopq3u+GyXL22N2bfLVWO0bEtgIwICZLpGfj7JB5J8IckHj0xb6ezjqjK/nuQdB2cV1x1KFxrdmya7S1/+ESCwQwEBMl3Th76BsOLZx3QKZiJAYDcCAmS6Vg85sxiyzXQVmYkAAQIzCgiQ6XBPvafDU0rTWZuJAIECAgJkuiYcCxDhMZ2zmQgQKCIgQKZrxLEAcd9jOmczESBQRECATNeI6wLEfY/pjM1EgEAhAQEyXTOuChCXrqbzNRMBAsUEBMh0DbkcIGv4fvLpjt5MBAjsTkCATNfyPjAOZ/QO7el8zUSAQDEBATJtQ5x1TOtpNgIECgsIkMLNURoBAgQqCwiQyt1RGwECBAoLCJDCzVEaAQIEKgsIkMrdURsBAgQKCwiQws1RGgECBCoLCJDK3VEbAQIECgsIkMLNURoBAgQqCwiQyt1RGwECBAoLCJDCzVEaAQIEKgsIkMrdURsBAgQKCwiQws1RGgECBCoLCJDK3VEbAQIECgsIkMLNURoBAgQqCwiQyt1RGwECBAoLCJDCzVEaAQIEKgsIkMrdURsBAgQKCwiQws1RGgECBCoLCJDK3VEbAQIECgsIkMLNURoBAgQqCwiQyt1RGwECBAoLCJDCzVEaAQIEKgsIkMrdURsBAgQKCwiQws1RGgECBCoLCJDK3VEbAQIECgsIkMLNURoBAgQqCwiQyt1RGwECBAoLCJDCzVEaAQIEKgsIkMrdURsBAgQKCwiQws1RGgECBCoLCJDK3VEbAQIECgsIkMLNURoBAgQqCwiQyt1RGwECBAoLCJDCzVEaAQIEKgsIkMrdURsBAgQKCwiQws1RGgECBCoLCJDK3VEbAQIECgsIkMLNURoBAgQqCwiQyt1RGwECBAoLCJDCzVEaAQIEKgsIkMrdURsBAgQKCwiQws1RGgECBCoLCJDK3VEbAQIECgsIkMLNURoBAgQqCwiQyt1RGwECBAoLCJDCzVEaAQIEKgsIkMrdURsBAgQKCwiQws1RGgECBCoLCJDK3VEbAQIECgsIkMLNURoBAgQqCwiQyt1RGwECBAoLCJDCzVEaAQIEKgsIkMrdURsBAgQKCwiQws1RGgECBCoLCJDK3VEbAQIECgsIkMLNURoBAgQqCwiQyt1RGwECBAoLCJDCzVEaAQIEKgsIkMrdURsBAgQKCwiQws1RGgECBCoLCJDK3VEbAQIECgv8DwW4Wtj7IMWkAAAAAElFTkSuQmCC', 'Released', '0:0:1', NULL),
(22, NULL, '2024-12-19 03:20:29', 'Juan Dela Cruz', 'Gregg Lontok', '0997823364', 8, 'I am experiencing technical difficulties with my printer and require assistance. The printer is failing to print documents despite being properly connected and powered on.', NULL, 1, 0, 0, '00000001', NULL, NULL, NULL, NULL, NULL, NULL, NULL, NULL, NULL, NULL, 'Pending', NULL, NULL),
(23, NULL, '2024-12-19 03:29:13', 'Juan Dela Cruz', 'Khent Lontok', '0997823364', 8, 'I am experiencing technical difficulties with my printer and require assistance. The printer is failing to print documents despite being properly connected and powered on.', NULL, 1, 0, 0, '00000001', NULL, NULL, NULL, NULL, NULL, NULL, NULL, NULL, NULL, NULL, 'Pending', NULL, NULL),
(24, 'ITRM-2025-0000', '2025-01-07 07:31:49', 'Dave Irinco', 'Paul Naynes', '09198476285', 8, 'Computer keeps restarting for 5 mins straight', 18724, 1, 1, 1, '239403284', '[7]', '{\"7\":\"Simple\"}', 'cleaned out rams', 'tested all kinds of parts such as ram, mobo, and processor', '2025-01-07', '2025-01-07 15:37:00', '2025-01-07', 1, 'Dave Irinco', 'data:image/png;base64,iVBORw0KGgoAAAANSUhEUgAAAZAAAADICAYAAADGFbfiAAAAAXNSR0IArs4c6QAAEKhJREFUeF7t3cvvPeccB/BP7yIuRTRtSVgRNrYSjdYtkRAJCeEPoASJ2EmwYW+B0EgsbEgkJBJLtFLCyo6wECSqca1LRFu379Oe0eP8zvd8Z+bM5fM88/pumvw6l2den2fmfZ5n5sy5LvwRIECAAIERAteNWMcqBAgQIEAgBIhOQIAAAQKjBATIKDYrESBAgIAA0QcIECBAYJSAABnFZiUCBAgQECD6AAECBAiMEhAgo9isRIAAAQICRB8gQIAAgVECAmQUm5UIECBAQIDoAwQIECAwSkCAjGKzEgECBAgIEH2AAAECBEYJCJBRbFYiQIAAAQGiDxAgQIDAKAEBMorNSgQIECAgQPQBAgQIEBglIEBGsVmJAAECBASIPkCAAAECowQEyCg2KxEgQICAANEHCBAgQGCUgAAZxWYlAgQIEBAg+gABAgQIjBIQIKPYrESAAAECAkQfIECAAIFRAgJkFJuVCBAgQECA6AMECBAgMEpAgIxisxIBAgQICBB9gAABAgRGCQiQUWxWIkCAAAEBog8QIECAwCgBATKKzUoECBAgIED0AQIECBAYJSBARrFZiQABAgQEiD5AgAABAqMEBMgoNisRIECAgADRBwgQIEBglIAAGcVmJQIECBAQIPoAAQIECIwSECCj2KxEgAABAgJEHyBAgACBUQICZBRbupX+s2uReqYrjQYRaFfABaeN2gqQNuroKAhUJSBAqirXpY0VIG3U0VEQqEpAgFRVLgHSRrkcBYE2BARIG3U0Ammjjo6CQFUCAqSqcp0cgZQQub6Nw3EUBAjUICBAaqjS1W0s4fF4RNx89aKWIECAwDQCAmQaxzW38u+IKHVUyzWrYN8ENijgolN/0cvow/RV/XV0BASqExAg1ZXsmgaX8CijkBvqPxRHQIBATQICpKZqXdvWf+1unKtj3XXUegJVCrjwVFm2/zXa/Y+666f1BKoWECBVl++Jex/uf9RdQ60nUK2AAKm2dPFYRNzk6at6C6jlBGoXECD1VrCW6asHI+KVe19yHNLnhixbbyW1nEClAk7QSgu3m7rKMn31rYi4p+f3UUqbj/W77t8P/78+Wm8f1fLGBZycdRa4fOv8xoh4W0R8feFD+HtEPO3E1Fn3Xq4yQvpBRNw1sn3e7zUSzmoElhIQIEtJT7ufJaevun0dO4Jykf9HRDx92sN7YmseEJgB1SYJTCkgQKbUXG5bc3958E8Rceve4XQX8/sj4nULHWbZ50MR8YKF9mc3BAgMFBAgA8ESLD7nlwcPRxtrfcP91xFxpyfMEvQ2TSBwQkCA1Nc9pp7a+WxEvG/vYl22/7mIeP+KNEtO0a14mHZNoG4BAVJX/d4aEV+LiH/uvgNyTuu7kUy3jSxPdJVpsrt9QfKc0lqXwDICAmQZ56n2cu4n84cj4raDqaFHIuI5UzVwgu1MPcKaoEk2QYDAMQEBUle/GHNxLSONw98LyTLaONT36G5d/VFrNy4gQOrqAH2evrovIt595AZ01tDoKtCNrh7YfSmxrspoLYENCgiQuopeQuBvEfHMg2Y/euS9WN3P3N5SwSF24ZE95Cqg1EQCywkIkOWsz91TuXFefjSqq9mxL/iVC/AXIuLec3e24PrdtNVPIuLlC+7XrggQOFNAgJwJuODqlwVGuQDX+GuEP46Il+389MMFO5JdEZhKwIk7leR82zkMjhIYv42I2+fb5exbNmU1O7EdEJhfQIDMbzxmD8dCo9SqhXsE5fUkdzRyLGNqax0CzQgIkDylPPbFvvKjUeXNt+WvhEdZpryFt9a/8g3391YQHvsB7hyptbdp9+wCTo7ZiU/uoLzJ9uaDR26PvX/qrxHxjAbeDVXD9zyO3Wtynqx7nth7UgEnxvKF+VVEvPAgDK6amprzBYpLCdQQHh+9eCDhE3sjpBravFT97IfANQICZLlOcey+xvU9d3/uK0x67ma2xWq5EB+2s5Z2z1Y4GyZwSkCAzN8/ypf8yjRVdx/j4xf3MT45cLdjXmEycBezLd6F3+d3b/2dbUdnbrhr58f26iNAzkS1etsCAmTe+k7xuGqN01eHo63f7H7fY17t87Z+LCwEyHmm1m5cQIDMU+D9C2h5kuqc14nUNPq47Odvh/az7sJdqrPUj1odhsUU4T9P77JVAkkEhp7YSZqdthmH01V973FcdkDd9s4NoaXA9i/8ZZ+/jIgXj9j54XaW6KfH7n9c9XDDiEOzCoF2BJY4MdvROn0kc3xirenm+eHo41MR8eE9siHH0l3My2+zl98qKf997swdaX+kN6StMzfL5gnkFRAg59dmyumqw9b0eX37+UcwzRb2Rw2H/eowXK7qd/ujgVNTeJdNmU1zRE+9uHKq7dkOgaYErjqRmzrYiQ9m6umqw+bV9Cn4FxHxot0BHOtTQ6akDkdyl43sTr3upXvty2X9u7TnsnZ2/+7cmPiEsbn2BJwk42o6x3TVsdFHDXPwfV770QVId+E+1e/6PA01tb+nrcadB9bauIAAGdYB5pyu2m9JDY/ultewHD5dduoTfxeGfaakDoPzcARTrKYMVwEy7DywNIEnBARI/44w9afeU3vO/OjufnCUabzyssdTF+DDqbir7ltcFgz7o5hzn247NtpzPvQ/FyxJQIAM6APdRW+J7yRkfXT3WHB0hJcFSN/7F/vbmToc+pTZCKSPkmUIHAgYgVzdJbqLS/lJ2ZuuXvzsJbLdPD8VHKcCZMkR27noAuRcQetvUkCAnC57d2H5WUS8dKEekuXR3f2ppm6q6jKCy258T3mfYk5+ATKnrm03KyBALi/tGheVLKOPoaOHQ6ssx9H3xF2j1n3bZjkCaQUEyLWl+WlEvGT3z0v7rH3z/NMR8YHdsX8mIj7Ys+fuX4D7PNbbc7OLLVZb4C0GY0cETgksfYHMXo3H934ydmmbtS9ij0TEs0cG57HHbJf2O7dvdcdQ+88Gn+tgfQK9BWo7yXsf2IgFu+9erDVvv+boowuvP0fErSPsyipzPmY7skmDVjv8TfpBKx9Z+DBUi/Gpv/KQxqm/8jDDqb+fR8QPI+KrEfHtcxtvfQJ9BATIk0pD5/z72A5ZZq0vDpYXHn5o19AhU1ZDjq22ZcuFvDxKfO65cSxAyr9dtt2y31P/vwTIZf//xogoDzo8a28EXbb3l4j4fkS8JyLKb7L4IzCpwLknyaSNWWlj3dTNWiOPcthrjD5qvFexUhepbrevj4i3R8Qbdm8LuPMiRB6KiC9dBM1HqjsaDU4rIEDWuXjvd4jySfGGi5vXv4+I5y/QU74cEe/c7WfN0FzgUO1iJ3BHRHwxIt4YEW+OiG+SITCFwNYDJMPjm0u2oQsrN4qnOHvq28abhEd9Rcvc4i0HSDeFU+aJu6ePlq7VH3c/mDT3Bf0Pez/I9JWIeNfSB2p/BAi0J7DVAClPG5UbjmtP4cz96O7+dFUJq+e114UdEQECawlsNUCWnDY6Vds5X1tiumqts8p+CWxEYIsBMven/r5dZ6527D9dZbqqbzUsR4DAYIGtBUiG+x5dkaZ8dPfei+mp8hqS7m3BS705eHCHswIBAu0IbClAstz3KL1nqtHHdyPirt2X00ogPXjxLeRXt9M9HQkBApkFthQgWe57PLC7yI+9gf+qiPjO3mijvL+rvPTwvswdTdsIEGhPYCsBMtUn/il6wJggK6FR3nF0+95o47Hdz8lO0SbbIECAwGCBLQRIpvseXVvK1NPdV1TrWGiU9xm94+IVFd8bXGkrECBAYGKBLQTIlDerz+HvO3X1cETctjfSEBrnqFuXAIHZBFoPkNqmrsq9jXsiokxPvdZIY7Z+b8MECEwg0HqAzPlFvSH8faauuvC4PyJeM2TjliVAgMAaAi0HSJbRR5+pq/Im3vKaEeGxxllgnwQIjBJoNUDKfYPyxNLcLynsg37qqasfRcQrdt8L+d3Fo7jltdv+CBAgUIVAqwEy5lHZOQrWZ+rqGxHxljl2bpsECBCYU6DFAOleIlieZlrzE32fqas5a2vbBAgQmFWgxQDJ8thullHQrB3IxgkQ2K5AawFS7nlcv/sOxZpV7TN1tWb77JsAAQJnC7QWIBlGH6auzu6WNkCAQA0CLQVIlsd2TV3V0PO1kQCBswVaCpAMow9TV2d3SRsgQKAWgVYCpHvyau3jyRBitfQ97SRAoHKBtS+4U/FlmDbKMoU2lantECBA4KRASwGy9rfOs7x3S5cnQIDAIgItBEiGT/4Z2rBIh7ETAgQIdAItBMja9x0ejYibk7x3S88mQIDAYgK1B0iGm+cZ7r8s1mHsiAABAq2MQNa+eHcBVn4A6hbdigABAlsSqH0EUgJkzZvna0+fbamvOlYCBJIJ1Bwga9+4zvLerWRdSnMIENiKQM0Bsvb0ldHHVs4Sx0mAwFEBATKuY6w9+hnXamsRIEBgQgEBMg7T6GOcm7UIEGhIQIAML6bRx3AzaxAg0KCAABleVK8sGW5mDQIEGhQQIMOKavQxzMvSBAg0LCBA+hfXK0v6W1mSAIENCAiQ/kVe+7Hh/i21JAECBBYQECD9kL2ypJ+TpQgQ2JCAAOlXbI/t9nOyFAECGxIQIFcX2ytLrjayBAECGxQQIFcX3ejjaiNLECCwQQEBcrroHtvd4EnhkAkQ6CcgQE47GX3060eWIkBggwIC5PKiG31s8IRwyAQI9BcQIMetusd21/yxqv5VtCQBAgRWEBAgx9FNXa3QGe2SAIG6BATItfUydVVXH9ZaAgRWEhAg18IbfazUGe2WAIG6BATI/9fL6KOu/qu1BAisKCBAnsJ343zFjmjXBAjUJyBAnqqZqav6+q8WEyCwooAAeRLf1NWKndCuCRCoU0CAPBUeZQRyfZ1l1GoCBAgsL7D1AOlGHsJj+b5njwQIVC6w5QARHpV3Xs0nQGBdga0GiPBYt9/ZOwECDQhsMUCERwMd1yEQILC+wNYCRHis3+e0gACBRgS2FCDCo5FO6zAIEMghsJUAER45+ptWECDQkMAWAkR4NNRhHQoBAnkEWg8Q4ZGnr2kJAQKNCbQcIMKjsc7qcAgQyCXQaoAIj1z9TGsIEGhQoMUAER4NdlSHRIBAPoHWAkR45OtjWkSAQKMCrQRIFxylTF6M2GhndVgECOQSaCFASmCU4xAcufqW1hAg0LhACwFi1NF4J3V4BAjkFKg5QLrgMPLI2be0igCBxgVqD5DGy+PwCBAgkFdAgOStjZYRIEAgtYAASV0ejSNAgEBeAQGStzZaRoAAgdQCAiR1eTSOAAECeQUESN7aaBkBAgRSCwiQ1OXROAIECOQVECB5a6NlBAgQSC0gQFKXR+MIECCQV0CA5K2NlhEgQCC1gABJXR6NI0CAQF4BAZK3NlpGgACB1AICJHV5NI4AAQJ5BQRI3tpoGQECBFILCJDU5dE4AgQI5BUQIHlro2UECBBILSBAUpdH4wgQIJBXQIDkrY2WESBAILWAAEldHo0jQIBAXgEBkrc2WkaAAIHUAgIkdXk0jgABAnkFBEje2mgZAQIEUgsIkNTl0TgCBAjkFRAgeWujZQQIEEgtIEBSl0fjCBAgkFdAgOStjZYRIEAgtYAASV0ejSNAgEBeAQGStzZaRoAAgdQCAiR1eTSOAAECeQUESN7aaBkBAgRSCwiQ1OXROAIECOQVECB5a6NlBAgQSC0gQFKXR+MIECCQV+C/FYBS51JISBAAAAAASUVORK5CYII=', 'Released', '0:0:6', '2025-01-07 15:34:29');

-- --------------------------------------------------------

--
-- Table structure for table `office`
--

CREATE TABLE `office` (
  `office_id` int(11) NOT NULL,
  `office_name` varchar(255) NOT NULL
) ENGINE=InnoDB DEFAULT CHARSET=utf8;

--
-- Dumping data for table `office`
--

INSERT INTO `office` (`office_id`, `office_name`) VALUES
(8, 'PTO'),
(9, 'PGO'),
(10, 'PICTO'),
(11, 'HR'),
(12, 'PIO'),
(18, 'PESO'),
(19, 'DTO'),
(20, 'DPWH'),
(21, 'DSWD'),
(22, 'SDAF'),
(23, 'DG'),
(24, 'CV');

-- --------------------------------------------------------

--
-- Table structure for table `personnels`
--

CREATE TABLE `personnels` (
  `personnel_id` int(11) NOT NULL,
  `personnel_name` varchar(255) NOT NULL,
  `division_id` int(11) DEFAULT NULL,
  `division_name` varchar(255) DEFAULT NULL
) ENGINE=InnoDB DEFAULT CHARSET=utf8;

--
-- Dumping data for table `personnels`
--

INSERT INTO `personnels` (`personnel_id`, `personnel_name`, `division_id`, `division_name`) VALUES
(789, 'Gregg', 1, 'IT Repair & Maintenance'),
(18724, 'Mike', 1, 'IT Repair & Maintenance');

-- --------------------------------------------------------

--
-- Table structure for table `service_reports`
--

CREATE TABLE `service_reports` (
  `report_id` int(11) NOT NULL,
  `name` varchar(100) NOT NULL,
  `email` varchar(100) NOT NULL,
  `contact` varchar(15) DEFAULT NULL,
  `dept_head` varchar(100) DEFAULT NULL,
  `office_id` int(11) NOT NULL,
  `issue_request` text NOT NULL,
  `division_id` int(11) NOT NULL,
  `created_at` timestamp NOT NULL DEFAULT current_timestamp(),
  `updated_at` timestamp NOT NULL DEFAULT current_timestamp() ON UPDATE current_timestamp(),
  `approval_status` tinyint(1) DEFAULT 0
) ENGINE=InnoDB DEFAULT CHARSET=utf8;

-- --------------------------------------------------------

--
-- Table structure for table `users`
--

CREATE TABLE `users` (
  `id_number` int(11) NOT NULL,
  `name` varchar(100) NOT NULL,
  `password` varchar(255) NOT NULL,
  `office_id` int(11) DEFAULT NULL,
  `division_id` int(11) DEFAULT NULL,
  `designation` varchar(100) NOT NULL,
  `permissions` varchar(255) NOT NULL
) ENGINE=InnoDB DEFAULT CHARSET=utf8;

--
-- Dumping data for table `users`
--

INSERT INTO `users` (`id_number`, `name`, `password`, `office_id`, `division_id`, `designation`, `permissions`) VALUES
(1, 'Robert', '$2y$10$Z3lOZGJySjMxWXpTUUF6LuN0VMTpvVpA945qRIxYhTU65A6wIFCAW', 11, 0, 'Clerk III', '[4.1]'),
(123, 'IT supervisor', '$2y$10$VXc5bjJLVkdWOHBubytoKuuN.Tvpmk8/lOpn1n0qK7BrRNiT5z2I6', 10, 1, 'Computer Operator II', '[3.1]'),
(369, 'Abby Grace', '$2y$10$R1NILyt1amZEYXJ4cWZzWOiVJw8YeS9QE9pUzLJzilzHR.2vVwp/C', 10, 1, 'Admin Aide VI', '[0,1.1,1.6,1.3]'),
(456, 'Walter', '$2y$10$WXV4YXMzTFN0S3VJM1ducOum97/WrKnS2Ca74MkdnXqg0SM1xt/0i', 8, 0, 'Sample Design', '[4.1]'),
(789, 'Gregg', '$2y$10$WjE5cFk2V1pHdWN5RGpre.EgyEFotSO6JkC6sV4JZgGKZ3gxFd0R.', 10, 1, 'Admin Aide VII', '[0]'),
(18724, 'Mike', '$2y$10$RERvMXB5cFFTbGlFWFByTOofX/4K219ONWIa9ej8AcjgxpyJLIq1i', 10, 1, 'Admin Aide VI', '[0,2.1,1.6,1.1,1.2,1.3,1.4,1.5,1.7]');

--
-- Indexes for dumped tables
--

--
-- Indexes for table `divisions`
--
ALTER TABLE `divisions`
  ADD PRIMARY KEY (`division_id`);

--
-- Indexes for table `itrm_services`
--
ALTER TABLE `itrm_services`
  ADD PRIMARY KEY (`id`);

--
-- Indexes for table `itrm_service_levels`
--
ALTER TABLE `itrm_service_levels`
  ADD PRIMARY KEY (`id`);

--
-- Indexes for table `itrm_service_report`
--
ALTER TABLE `itrm_service_report`
  ADD PRIMARY KEY (`id`),
  ADD KEY `fk_personnel_id` (`personnel_id`),
  ADD KEY `fk_office_id` (`office_id`),
  ADD KEY `fk_itsr_division_id` (`division_id`),
  ADD KEY `fk_services` (`services`),
  ADD KEY `services` (`services`),
  ADD KEY `fk_service_level` (`service_level_id`);

--
-- Indexes for table `office`
--
ALTER TABLE `office`
  ADD PRIMARY KEY (`office_id`);

--
-- Indexes for table `personnels`
--
ALTER TABLE `personnels`
  ADD PRIMARY KEY (`personnel_id`),
  ADD KEY `division_id` (`division_id`);

--
-- Indexes for table `service_reports`
--
ALTER TABLE `service_reports`
  ADD PRIMARY KEY (`report_id`),
  ADD KEY `fk_office` (`office_id`),
  ADD KEY `fk_division` (`division_id`);

--
-- Indexes for table `users`
--
ALTER TABLE `users`
  ADD PRIMARY KEY (`id_number`),
  ADD KEY `fk_users_office` (`office_id`),
  ADD KEY `fk_division_id` (`division_id`);

--
-- AUTO_INCREMENT for dumped tables
--

--
-- AUTO_INCREMENT for table `divisions`
--
ALTER TABLE `divisions`
  MODIFY `division_id` int(11) NOT NULL AUTO_INCREMENT, AUTO_INCREMENT=6;

--
-- AUTO_INCREMENT for table `itrm_services`
--
ALTER TABLE `itrm_services`
  MODIFY `id` int(11) NOT NULL AUTO_INCREMENT, AUTO_INCREMENT=13;

--
-- AUTO_INCREMENT for table `itrm_service_levels`
--
ALTER TABLE `itrm_service_levels`
  MODIFY `id` int(11) NOT NULL AUTO_INCREMENT, AUTO_INCREMENT=11;

--
-- AUTO_INCREMENT for table `itrm_service_report`
--
ALTER TABLE `itrm_service_report`
  MODIFY `id` int(11) NOT NULL AUTO_INCREMENT, AUTO_INCREMENT=25;

--
-- AUTO_INCREMENT for table `office`
--
ALTER TABLE `office`
  MODIFY `office_id` int(11) NOT NULL AUTO_INCREMENT, AUTO_INCREMENT=25;

--
-- AUTO_INCREMENT for table `personnels`
--
ALTER TABLE `personnels`
  MODIFY `personnel_id` int(11) NOT NULL AUTO_INCREMENT, AUTO_INCREMENT=123234433;

--
-- AUTO_INCREMENT for table `service_reports`
--
ALTER TABLE `service_reports`
  MODIFY `report_id` int(11) NOT NULL AUTO_INCREMENT, AUTO_INCREMENT=2;

--
-- Constraints for dumped tables
--

--
-- Constraints for table `itrm_service_report`
--
ALTER TABLE `itrm_service_report`
  ADD CONSTRAINT `fk_itsr_division_id` FOREIGN KEY (`division_id`) REFERENCES `divisions` (`division_id`) ON UPDATE CASCADE,
  ADD CONSTRAINT `fk_office_id` FOREIGN KEY (`office_id`) REFERENCES `office` (`office_id`) ON DELETE CASCADE ON UPDATE CASCADE,
  ADD CONSTRAINT `fk_personnel_id` FOREIGN KEY (`personnel_id`) REFERENCES `users` (`id_number`) ON DELETE SET NULL ON UPDATE CASCADE;

--
-- Constraints for table `personnels`
--
ALTER TABLE `personnels`
  ADD CONSTRAINT `personnels_ibfk_1` FOREIGN KEY (`division_id`) REFERENCES `divisions` (`division_id`);

--
-- Constraints for table `service_reports`
--
ALTER TABLE `service_reports`
  ADD CONSTRAINT `fk_division` FOREIGN KEY (`division_id`) REFERENCES `divisions` (`division_id`),
  ADD CONSTRAINT `fk_office` FOREIGN KEY (`office_id`) REFERENCES `office` (`office_id`);

--
-- Constraints for table `users`
--
ALTER TABLE `users`
  ADD CONSTRAINT `fk_division_id` FOREIGN KEY (`division_id`) REFERENCES `divisions` (`division_id`) ON DELETE SET NULL ON UPDATE CASCADE,
  ADD CONSTRAINT `fk_users_office` FOREIGN KEY (`office_id`) REFERENCES `office` (`office_id`) ON DELETE CASCADE ON UPDATE CASCADE;
COMMIT;

/*!40101 SET CHARACTER_SET_CLIENT=@OLD_CHARACTER_SET_CLIENT */;
/*!40101 SET CHARACTER_SET_RESULTS=@OLD_CHARACTER_SET_RESULTS */;
/*!40101 SET COLLATION_CONNECTION=@OLD_COLLATION_CONNECTION */;
